"33996344","33996351","GB","GBR","UNITED KINGDOM"
"50331648","69956103","US","USA","UNITED STATES"
"69956104","69956111","BM","BMU","BERMUDA"
"69956112","83886079","US","USA","UNITED STATES"
"94585424","94585439","SE","SWE","SWEDEN"
"100663296","121195295","US","USA","UNITED STATES"
"121195296","121195327","IT","ITA","ITALY"
"121195328","152305663","US","USA","UNITED STATES"
"152305664","152338431","GB","GBR","UNITED KINGDOM"
"152338432","167772159","US","USA","UNITED STATES"
"184549376","201620303","US","USA","UNITED STATES"
"201620304","201620311","CA","CAN","CANADA"
"201620312","201674095","US","USA","UNITED STATES"
"201674096","201674111","CA","CAN","CANADA"
"201674112","201897983","US","USA","UNITED STATES"
"201897984","201898239","PR","PRI","PUERTO RICO"
"201898240","202035199","US","USA","UNITED STATES"
"202035200","202035711","IN","IND","INDIA"
"202035712","202385407","US","USA","UNITED STATES"
"202385408","202385919","PR","PRI","PUERTO RICO"
"202385920","202706431","US","USA","UNITED STATES"
"202706432","202706943","PR","PRI","PUERTO RICO"
"202706944","203197063","US","USA","UNITED STATES"
"203197064","203197071","CA","CAN","CANADA"
"203197072","203545351","US","USA","UNITED STATES"
"203545352","203545359","CA","CAN","CANADA"
"203545360","203751623","US","USA","UNITED STATES"
"203751624","203751631","CA","CAN","CANADA"
"203751632","203850679","US","USA","UNITED STATES"
"203850680","203850687","CA","CAN","CANADA"
"203850688","203933791","US","USA","UNITED STATES"
"203933792","203933807","CA","CAN","CANADA"
"203933808","205500987","US","USA","UNITED STATES"
"205500988","205500991","CA","CAN","CANADA"
"205500992","208605279","US","USA","UNITED STATES"
"208605280","208605311","CA","CAN","CANADA"
"208605312","210784255","US","USA","UNITED STATES"
"210784256","210784383","BO","BOL","BOLIVIA"
"210784384","210784767","US","USA","UNITED STATES"
"210784768","210786303","BO","BOL","BOLIVIA"
"210786304","212787199","US","USA","UNITED STATES"
"212787200","212788223","PR","PRI","PUERTO RICO"
"212788224","214858655","US","USA","UNITED STATES"
"214858656","214858671","NL","NLD","NETHERLANDS"
"214858672","260227071","US","USA","UNITED STATES"
"260227072","260231167","GB","GBR","UNITED KINGDOM"
"260231168","260976639","US","USA","UNITED STATES"
"260976640","260980735","GB","GBR","UNITED KINGDOM"
"260980736","264482815","US","USA","UNITED STATES"
"264482816","264486911","DE","DEU","GERMANY"
"264486912","264495103","US","USA","UNITED STATES"
"264495104","264503295","CH","CHE","SWITZERLAND"
"264503296","264617983","US","USA","UNITED STATES"
"264617984","264667135","DE","DEU","GERMANY"
"264667136","264699903","US","USA","UNITED STATES"
"264699904","264716287","CH","CHE","SWITZERLAND"
"264716288","264798207","US","USA","UNITED STATES"
"264798208","264802303","GB","GBR","UNITED KINGDOM"
"264802304","265023487","US","USA","UNITED STATES"
"265023488","265027583","GB","GBR","UNITED KINGDOM"
"265027584","265277439","US","USA","UNITED STATES"
"265277440","265289727","GB","GBR","UNITED KINGDOM"
"265289728","289011535","US","USA","UNITED STATES"
"289011536","289011543","IT","ITA","ITALY"
"289011544","323243895","US","USA","UNITED STATES"
"323243896","323243903","FR","FRA","FRANCE"
"323243904","332132119","US","USA","UNITED STATES"
"332132120","332132127","IL","ISR","ISRAEL"
"332132128","355993887","US","USA","UNITED STATES"
"355993888","355993895","IT","ITA","ITALY"
"355993896","368674047","US","USA","UNITED STATES"
"368674048","368674303","ES","ESP","SPAIN"
"368674304","385875967","US","USA","UNITED STATES"
"386665696","386665727","GB","GBR","UNITED KINGDOM"
"386666240","386666367","GB","GBR","UNITED KINGDOM"
"393849728","393849735","GB","GBR","UNITED KINGDOM"
"402653184","404619263","US","USA","UNITED STATES"
"404652032","404676607","US","USA","UNITED STATES"
"404692992","404750335","US","USA","UNITED STATES"
"404815872","404881407","US","USA","UNITED STATES"
"404946944","404979711","US","USA","UNITED STATES"
"405012480","405143551","CA","CAN","CANADA"
"405209088","405295103","US","USA","UNITED STATES"
"405307392","405331967","US","USA","UNITED STATES"
"405340160","405364735","US","USA","UNITED STATES"
"405536768","405798911","US","USA","UNITED STATES"
"406323200","406347775","US","USA","UNITED STATES"
"406355968","406388735","US","USA","UNITED STATES"
"406388736","406454271","CA","CAN","CANADA"
"406454272","406585343","US","USA","UNITED STATES"
"406847488","407408639","CA","CAN","CANADA"
"407408640","407568383","US","USA","UNITED STATES"
"407569408","407570431","US","USA","UNITED STATES"
"407574528","407575551","US","USA","UNITED STATES"
"407578976","407579007","US","USA","UNITED STATES"
"407579648","407581695","US","USA","UNITED STATES"
"407591792","407591807","US","USA","UNITED STATES"
"407591936","407592703","US","USA","UNITED STATES"
"407592960","407595007","US","USA","UNITED STATES"
"407596544","407596799","US","USA","UNITED STATES"
"407601920","407602175","US","USA","UNITED STATES"
"407602944","407603199","US","USA","UNITED STATES"
"407603456","407603711","US","USA","UNITED STATES"
"407633920","408420351","CA","CAN","CANADA"
"408420352","408494079","US","USA","UNITED STATES"
"408502272","408518655","CA","CAN","CANADA"
"408535040","408551423","CA","CAN","CANADA"
"408551424","408616959","US","USA","UNITED STATES"
"408682496","408719359","US","USA","UNITED STATES"
"408723456","409075711","US","USA","UNITED STATES"
"409468928","409509887","US","USA","UNITED STATES"
"409534464","409550847","US","USA","UNITED STATES"
"409567232","409591807","US","USA","UNITED STATES"
"409600000","409731071","US","USA","UNITED STATES"
"409731072","409862143","CA","CAN","CANADA"
"409862144","409993215","US","USA","UNITED STATES"
"410058752","410124287","US","USA","UNITED STATES"
"410189824","410386431","US","USA","UNITED STATES"
"410451968","410648575","US","USA","UNITED STATES"
"410648576","410714111","CA","CAN","CANADA"
"410714112","410779647","US","USA","UNITED STATES"
"410812416","410845183","US","USA","UNITED STATES"
"411140096","411156479","US","USA","UNITED STATES"
"411303936","411369471","NL","NLD","NETHERLANDS"
"411566080","411639807","US","USA","UNITED STATES"
"411648000","411664383","CA","CAN","CANADA"
"411664384","411680767","US","USA","UNITED STATES"
"411680768","411688959","CA","CAN","CANADA"
"411697152","411717631","CA","CAN","CANADA"
"411729920","411746303","CA","CAN","CANADA"
"411762688","411770879","CA","CAN","CANADA"
"411828224","411885567","US","USA","UNITED STATES"
"411893760","411959295","CA","CAN","CANADA"
"411959296","412031487","US","USA","UNITED STATES"
"412031744","412033023","US","USA","UNITED STATES"
"412041216","412049407","US","USA","UNITED STATES"
"412057600","412069887","US","USA","UNITED STATES"
"412090368","412155903","US","USA","UNITED STATES"
"412188672","412221439","US","USA","UNITED STATES"
"412221440","412229631","CA","CAN","CANADA"
"412352512","412434431","US","USA","UNITED STATES"
"412450816","412483583","US","USA","UNITED STATES"
"412483584","412549119","CA","CAN","CANADA"
"412549120","412614655","US","USA","UNITED STATES"
"412614656","412647423","CL","CHL","CHILE"
"412647424","412680191","US","USA","UNITED STATES"
"412696576","412704767","US","USA","UNITED STATES"
"412708864","412876799","US","USA","UNITED STATES"
"413007872","413847551","US","USA","UNITED STATES"
"413851648","413900799","US","USA","UNITED STATES"
"413925376","415760383","US","USA","UNITED STATES"
"415760384","416022527","CA","CAN","CANADA"
"416022528","416059391","US","USA","UNITED STATES"
"416088064","416153599","US","USA","UNITED STATES"
"416169984","416186367","US","USA","UNITED STATES"
"416219136","416251903","CA","CAN","CANADA"
"416251904","416546815","US","USA","UNITED STATES"
"416546816","416563199","CA","CAN","CANADA"
"416612352","416628735","US","USA","UNITED STATES"
"416628736","416636927","CA","CAN","CANADA"
"416645120","416743423","US","USA","UNITED STATES"
"416743424","416776191","CA","CAN","CANADA"
"416776192","416940031","US","USA","UNITED STATES"
"417071104","417202175","US","USA","UNITED STATES"
"417202176","417267711","CA","CAN","CANADA"
"417267712","417288191","US","USA","UNITED STATES"
"417292288","417296383","US","USA","UNITED STATES"
"417300480","417345535","US","USA","UNITED STATES"
"417366016","417398783","CA","CAN","CANADA"
"417398784","417423359","US","USA","UNITED STATES"
"417431552","417464319","US","USA","UNITED STATES"
"417464320","417529855","CA","CAN","CANADA"
"417538048","417619967","US","USA","UNITED STATES"
"417660928","417775615","US","USA","UNITED STATES"
"417800192","417808383","BS","BHS","BAHAMAS"
"417808384","417816575","CA","CAN","CANADA"
"417824768","417857535","US","USA","UNITED STATES"
"417857536","417923071","AR","ARG","ARGENTINA"
"417923072","417947647","US","USA","UNITED STATES"
"417955840","417972223","US","USA","UNITED STATES"
"417988608","418062335","US","USA","UNITED STATES"
"418062336","418070527","CA","CAN","CANADA"
"418070528","418074623","US","USA","UNITED STATES"
"418086912","418119679","CA","CAN","CANADA"
"418119680","418250751","US","USA","UNITED STATES"
"418258944","418275327","US","USA","UNITED STATES"
"418283520","418316287","US","USA","UNITED STATES"
"418324480","418643967","US","USA","UNITED STATES"
"418660608","418662143","CA","CAN","CANADA"
"418662912","418663679","CA","CAN","CANADA"
"418663936","418668543","CA","CAN","CANADA"
"418676736","418687743","BS","BHS","BAHAMAS"
"418687744","418687998","DM","DMA","DOMINICA"
"418687999","418693119","BS","BHS","BAHAMAS"
"418693120","418709503","CA","CAN","CANADA"
"418824192","418832383","US","USA","UNITED STATES"
"418840576","419430399","US","USA","UNITED STATES"
"419430400","436207615","GB","GBR","UNITED KINGDOM"
"436207616","452984831","US","USA","UNITED STATES"
"469762048","520093695","US","USA","UNITED STATES"
"536870912","540679167","US","USA","UNITED STATES"
"540679168","540679231","SE","SWE","SWEDEN"
"540679232","540679239","US","USA","UNITED STATES"
"540679240","540679247","SE","SWE","SWEDEN"
"540679248","540680895","US","USA","UNITED STATES"
"540680896","540680959","BE","BEL","BELGIUM"
"540680960","540683775","US","USA","UNITED STATES"
"540683776","540683783","DE","DEU","GERMANY"
"540683784","540685567","US","USA","UNITED STATES"
"540685568","540685631","FR","FRA","FRANCE"
"540685632","540686079","US","USA","UNITED STATES"
"540686080","540686143","FR","FRA","FRANCE"
"540686144","540688383","US","USA","UNITED STATES"
"540688384","540688391","NL","NLD","NETHERLANDS"
"540688392","540694527","US","USA","UNITED STATES"
"540694528","540694591","IT","ITA","ITALY"
"540694592","540705023","US","USA","UNITED STATES"
"540705024","540705031","IE","IRL","IRELAND"
"540705032","540705535","US","USA","UNITED STATES"
"540705536","540705599","IE","IRL","IRELAND"
"540705600","543844351","US","USA","UNITED STATES"
"543844352","543844607","CH","CHE","SWITZERLAND"
"543844608","603979775","US","USA","UNITED STATES"
"637534208","654311423","US","USA","UNITED STATES"
"671088640","687865855","US","USA","UNITED STATES"
"721420288","738197503","JP","JPN","JAPAN"
"738197504","754974719","US","USA","UNITED STATES"
"788529152","805306367","CA","CAN","CANADA"
"805306368","822083583","US","USA","UNITED STATES"
"855638016","872415231","GB","GBR","UNITED KINGDOM"
"872415232","889192447","US","USA","UNITED STATES"
"889192448","905969663","DE","DEU","GERMANY"
"905969664","956301311","US","USA","UNITED STATES"
"956301312","973078527","FR","FRA","FRANCE"
"973078528","973209599","JP","JPN","JAPAN"
"973209600","973275135","IN","IND","INDIA"
"973275136","973471743","JP","JPN","JAPAN"
"973471744","973602815","AU","AUS","AUSTRALIA"
"973602816","973864959","TH","THA","THAILAND"
"973864960","973996031","JP","JPN","JAPAN"
"973996032","974782463","CN","CHN","CHINA"
"974782464","974880767","MY","MYS","MALAYSIA"
"974880768","974913535","PK","PAK","PAKISTAN"
"974913536","974979071","NZ","NZL","NEW ZEALAND"
"974979072","975044607","KR","KOR","REPUBLIC OF KOREA"
"975044608","977272831","CN","CHN","CHINA"
"977272832","977305599","TH","THA","THAILAND"
"977305600","977338367","HK","HKG","HONG KONG"
"977338368","977346559","SG","SGP","SINGAPORE"
"977346560","977354751","JP","JPN","JAPAN"
"977354752","977371135","KR","KOR","REPUBLIC OF KOREA"
"977371136","977395711","PK","PAK","PAKISTAN"
"977395712","977397759","BD","BGD","BANGLADESH"
"977397760","977399039","HK","HKG","HONG KONG"
"977399040","977399295","UA","UKR","UKRAINE"
"977399296","977399807","HK","HKG","HONG KONG"
"977399808","977401855","ID","IDN","INDONESIA"
"977401856","977403903","AU","AUS","AUSTRALIA"
"977403904","977534975","CN","CHN","CHINA"
"977534976","977567743","IN","IND","INDIA"
"977567744","977600511","CN","CHN","CHINA"
"977600512","977666047","PH","PHL","PHILIPPINES"
"977666048","977731583","JP","JPN","JAPAN"
"977731584","977764351","PH","PHL","PHILIPPINES"
"977764352","977797119","MY","MYS","MALAYSIA"
"977797120","978321407","KR","KOR","REPUBLIC OF KOREA"
"978321408","978452479","JP","JPN","JAPAN"
"978452480","978583551","CN","CHN","CHINA"
"978583552","978599935","JP","JPN","JAPAN"
"978599936","978640895","AU","AUS","AUSTRALIA"
"978640896","978644991","NZ","NZL","NEW ZEALAND"
"978644992","978649087","AU","AUS","AUSTRALIA"
"978649088","978714623","JP","JPN","JAPAN"
"978714624","978780159","TW","TWN","TAIWAN"
"978780160","978784255","AU","AUS","AUSTRALIA"
"978784256","978788351","JP","JPN","JAPAN"
"978788352","978796543","KR","KOR","REPUBLIC OF KOREA"
"978796544","978812927","CN","CHN","CHINA"
"978812928","979369983","JP","JPN","JAPAN"
"979369984","979435519","AU","AUS","AUSTRALIA"
"979435520","979468287","TH","THA","THAILAND"
"979468288","979501055","AU","AUS","AUSTRALIA"
"979501056","979566591","JP","JPN","JAPAN"
"979566592","979599359","TW","TWN","TAIWAN"
"979599360","979763199","CN","CHN","CHINA"
"979763200","979894271","KR","KOR","REPUBLIC OF KOREA"
"979894272","980418559","AU","AUS","AUSTRALIA"
"980418560","980549631","JP","JPN","JAPAN"
"980549632","980680703","TW","TWN","TAIWAN"
"980680704","980942847","CN","CHN","CHINA"
"980942848","981467135","KR","KOR","REPUBLIC OF KOREA"
"981467136","981991423","CN","CHN","CHINA"
"981991424","982122495","TH","THA","THAILAND"
"982122496","982171647","JP","JPN","JAPAN"
"982171648","982188031","KR","KOR","REPUBLIC OF KOREA"
"982188032","982253567","MY","MYS","MALAYSIA"
"982253568","982515711","KR","KOR","REPUBLIC OF KOREA"
"982515712","982581247","CN","CHN","CHINA"
"982581248","982614015","KR","KOR","REPUBLIC OF KOREA"
"982614016","982622207","AU","AUS","AUSTRALIA"
"982622208","982624255","JP","JPN","JAPAN"
"982624256","982626303","ID","IDN","INDONESIA"
"982626304","982630399","BD","BGD","BANGLADESH"
"982630400","982646783","SG","SGP","SINGAPORE"
"982646784","982671359","JP","JPN","JAPAN"
"982671360","982679551","IN","IND","INDIA"
"982679552","982695935","SG","SGP","SINGAPORE"
"982695936","982712319","KR","KOR","REPUBLIC OF KOREA"
"982712320","982745087","TH","THA","THAILAND"
"982745088","982753279","AF","AFG","AFGHANISTAN"
"982753280","982755327","JP","JPN","JAPAN"
"982755328","982759423","BD","BGD","BANGLADESH"
"982759424","982761471","ID","IDN","INDONESIA"
"982761472","982777855","JP","JPN","JAPAN"
"982777856","983039999","KR","KOR","REPUBLIC OF KOREA"
"983040000","983171071","HK","HKG","HONG KONG"
"983171072","983302143","CN","CHN","CHINA"
"983302144","983564287","JP","JPN","JAPAN"
"983564288","984612863","AU","AUS","AUSTRALIA"
"984612864","984743935","HK","HKG","HONG KONG"
"984743936","984875007","AU","AUS","AUSTRALIA"
"984875008","984956927","KR","KOR","REPUBLIC OF KOREA"
"984956928","984965119","AU","AUS","AUSTRALIA"
"984965120","984969215","PK","PAK","PAKISTAN"
"984969216","984973311","AU","AUS","AUSTRALIA"
"984973312","985006079","TH","THA","THAILAND"
"985006080","985071615","SG","SGP","SINGAPORE"
"985071616","985104383","JP","JPN","JAPAN"
"985104384","985137151","AU","AUS","AUSTRALIA"
"985137152","985202687","KR","KOR","REPUBLIC OF KOREA"
"985202688","985268223","SG","SGP","SINGAPORE"
"985268224","985399295","VN","VNM","VIET NAM"
"985399296","985661439","JP","JPN","JAPAN"
"985661440","987758591","CN","CHN","CHINA"
"987758592","988807167","KR","KOR","REPUBLIC OF KOREA"
"988807168","989855743","CN","CHN","CHINA"
"989855744","991952895","KR","KOR","REPUBLIC OF KOREA"
"991952896","995360767","CN","CHN","CHINA"
"995360768","995532799","JP","JPN","JAPAN"
"995532800","995540991","AU","AUS","AUSTRALIA"
"995540992","995557375","KR","KOR","REPUBLIC OF KOREA"
"995557376","995622911","JP","JPN","JAPAN"
"995622912","996409343","IN","IND","INDIA"
"996409344","996671487","AU","AUS","AUSTRALIA"
"996671488","996802559","TW","TWN","TAIWAN"
"996802560","996868095","JP","JPN","JAPAN"
"996868096","997195775","CN","CHN","CHINA"
"997195776","998244351","TW","TWN","TAIWAN"
"998244352","999292927","JP","JPN","JAPAN"
"999292928","999423999","IN","IND","INDIA"
"999424000","999555071","JP","JPN","JAPAN"
"999555072","999686143","HK","HKG","HONG KONG"
"999686144","999751679","KR","KOR","REPUBLIC OF KOREA"
"999751680","999784447","CN","CHN","CHINA"
"999784448","999800831","AU","AUS","AUSTRALIA"
"999800832","999817215","KR","KOR","REPUBLIC OF KOREA"
"999817216","999849983","BD","BGD","BANGLADESH"
"999849984","999866367","KR","KOR","REPUBLIC OF KOREA"
"999866368","999874559","HK","HKG","HONG KONG"
"999874560","999882751","AU","AUS","AUSTRALIA"
"999882752","999948287","JP","JPN","JAPAN"
"999948288","999973819","AU","AUS","AUSTRALIA"
"999973820","999973823","VU","VUT","VANUATU"
"999973824","1000013823","AU","AUS","AUSTRALIA"
"1000013824","1000079359","CN","CHN","CHINA"
"1000079360","1000341503","JP","JPN","JAPAN"
"1000341504","1000734719","IN","IND","INDIA"
"1000734720","1000800255","JP","JPN","JAPAN"
"1000800256","1000865791","AU","AUS","AUSTRALIA"
"1000865792","1001127935","JP","JPN","JAPAN"
"1001127936","1001259007","CN","CHN","CHINA"
"1001259008","1001390079","AU","AUS","AUSTRALIA"
"1001390080","1002045439","IN","IND","INDIA"
"1002045440","1002176511","KR","KOR","REPUBLIC OF KOREA"
"1002176512","1002242047","HK","HKG","HONG KONG"
"1002242048","1002307583","SG","SGP","SINGAPORE"
"1002307584","1002373119","JP","JPN","JAPAN"
"1002373120","1002405887","CN","CHN","CHINA"
"1002405888","1002422271","JP","JPN","JAPAN"
"1002422272","1002438655","AU","AUS","AUSTRALIA"
"1002438656","1008730111","CN","CHN","CHINA"
"1008730112","1009778687","JP","JPN","JAPAN"
"1009778688","1010237439","MY","MYS","MALAYSIA"
"1010237440","1010302975","CN","CHN","CHINA"
"1010302976","1010761727","JP","JPN","JAPAN"
"1010761728","1010827263","CN","CHN","CHINA"
"1010827264","1017118719","JP","JPN","JAPAN"
"1017118720","1019215871","CN","CHN","CHINA"
"1019215872","1019346943","JP","JPN","JAPAN"
"1019346944","1019478015","CN","CHN","CHINA"
"1019478016","1019609087","KR","KOR","REPUBLIC OF KOREA"
"1019609088","1019740159","TW","TWN","TAIWAN"
"1019740160","1021313023","CN","CHN","CHINA"
"1021313024","1021837311","AU","AUS","AUSTRALIA"
"1021837312","1021968383","CN","CHN","CHINA"
"1021968384","1021986495","NZ","NZL","NEW ZEALAND"
"1021986496","1021986559","PA","PAN","PANAMA"
"1021986560","1022033919","NZ","NZL","NEW ZEALAND"
"1022033920","1022099455","CN","CHN","CHINA"
"1022099456","1022361599","JP","JPN","JAPAN"
"1022361600","1022558207","AU","AUS","AUSTRALIA"
"1022558208","1022623743","IN","IND","INDIA"
"1022623744","1022713855","TW","TWN","TAIWAN"
"1022713856","1022722047","AU","AUS","AUSTRALIA"
"1022722048","1022754815","CN","CHN","CHINA"
"1022754816","1022820351","AU","AUS","AUSTRALIA"
"1022820352","1022885887","CN","CHN","CHINA"
"1022885888","1023148031","TW","TWN","TAIWAN"
"1023148032","1023213567","CN","CHN","CHINA"
"1023213568","1023238143","AU","AUS","AUSTRALIA"
"1023238144","1023246335","ID","IDN","INDONESIA"
"1023246336","1023279103","CN","CHN","CHINA"
"1023279104","1023311871","IN","IND","INDIA"
"1023311872","1023328255","US","USA","UNITED STATES"
"1023328256","1023344639","JP","JPN","JAPAN"
"1023344640","1023410175","CN","CHN","CHINA"
"1023410176","1023672319","IN","IND","INDIA"
"1023672320","1023688703","HK","HKG","HONG KONG"
"1023688704","1023692799","AU","AUS","AUSTRALIA"
"1023692800","1023696895","CN","CHN","CHINA"
"1023696896","1023705087","MY","MYS","MALAYSIA"
"1023705088","1023717375","JP","JPN","JAPAN"
"1023717376","1023721471","CN","CHN","CHINA"
"1023721472","1023737855","KR","KOR","REPUBLIC OF KOREA"
"1023737856","1023770623","ID","IDN","INDONESIA"
"1023770624","1023778815","PK","PAK","PAKISTAN"
"1023778816","1023787007","KR","KOR","REPUBLIC OF KOREA"
"1023787008","1023791103","AU","AUS","AUSTRALIA"
"1023791104","1023795199","NC","NCL","NEW CALEDONIA"
"1023795200","1023803391","JP","JPN","JAPAN"
"1023803392","1023852543","MY","MYS","MALAYSIA"
"1023852544","1023868927","BN","BRN","BRUNEI DARUSSALAM"
"1023868928","1023901695","JP","JPN","JAPAN"
"1023901696","1023934463","TH","THA","THAILAND"
"1023934464","1023950847","AU","AUS","AUSTRALIA"
"1023950848","1023954943","ID","IDN","INDONESIA"
"1023954944","1023956991","JP","JPN","JAPAN"
"1023956992","1023967231","AU","AUS","AUSTRALIA"
"1023967232","1023975423","IN","IND","INDIA"
"1023975424","1023979519","CN","CHN","CHINA"
"1023979520","1023983615","AU","AUS","AUSTRALIA"
"1023983616","1023999999","SG","SGP","SINGAPORE"
"1024000000","1024032767","PH","PHL","PHILIPPINES"
"1024032768","1024065535","AU","AUS","AUSTRALIA"
"1024065536","1024131071","HK","HKG","HONG KONG"
"1024131072","1024163839","IN","IND","INDIA"
"1024163840","1024184319","JP","JPN","JAPAN"
"1024184320","1024188415","MY","MYS","MALAYSIA"
"1024188416","1024196607","TH","THA","THAILAND"
"1024196608","1024229375","IN","IND","INDIA"
"1024229376","1024262143","JP","JPN","JAPAN"
"1024262144","1024327679","SG","SGP","SINGAPORE"
"1024327680","1024328703","US","USA","UNITED STATES"
"1024328704","1024329279","IN","IND","INDIA"
"1024329280","1024329343","US","USA","UNITED STATES"
"1024329344","1024329471","IN","IND","INDIA"
"1024329472","1024330751","US","USA","UNITED STATES"
"1024330752","1024330759","IN","IND","INDIA"
"1024330760","1024331327","US","USA","UNITED STATES"
"1024331328","1024331519","IN","IND","INDIA"
"1024331520","1024331551","US","USA","UNITED STATES"
"1024331552","1024331583","IN","IND","INDIA"
"1024331584","1024332287","US","USA","UNITED STATES"
"1024332288","1024332415","IN","IND","INDIA"
"1024332416","1024332487","US","USA","UNITED STATES"
"1024332488","1024332495","IN","IND","INDIA"
"1024332496","1024332927","US","USA","UNITED STATES"
"1024332928","1024333055","IN","IND","INDIA"
"1024333056","1024333247","US","USA","UNITED STATES"
"1024333248","1024333311","HK","HKG","HONG KONG"
"1024333312","1024333367","US","USA","UNITED STATES"
"1024333368","1024333375","IN","IND","INDIA"
"1024333376","1024333791","US","USA","UNITED STATES"
"1024333792","1024333823","ID","IDN","INDONESIA"
"1024333824","1024333951","US","USA","UNITED STATES"
"1024333952","1024334079","IN","IND","INDIA"
"1024334080","1024334847","US","USA","UNITED STATES"
"1024334848","1024334911","PH","PHL","PHILIPPINES"
"1024334912","1024335111","US","USA","UNITED STATES"
"1024335112","1024335119","CN","CHN","CHINA"
"1024335120","1024335151","US","USA","UNITED STATES"
"1024335152","1024335167","JP","JPN","JAPAN"
"1024335168","1024335183","US","USA","UNITED STATES"
"1024335184","1024335199","CN","CHN","CHINA"
"1024335200","1024335679","US","USA","UNITED STATES"
"1024335680","1024335743","IN","IND","INDIA"
"1024335744","1024335807","US","USA","UNITED STATES"
"1024335808","1024335871","IN","IND","INDIA"
"1024335872","1024339583","US","USA","UNITED STATES"
"1024339584","1024339711","HK","HKG","HONG KONG"
"1024339712","1024339967","ID","IDN","INDONESIA"
"1024339968","1024344063","US","USA","UNITED STATES"
"1024344064","1024352255","SG","SGP","SINGAPORE"
"1024352256","1024360447","AU","AUS","AUSTRALIA"
"1024360448","1024360463","HK","HKG","HONG KONG"
"1024360464","1024360479","AU","AUS","AUSTRALIA"
"1024360480","1024360703","HK","HKG","HONG KONG"
"1024360704","1024360735","AU","AUS","AUSTRALIA"
"1024360736","1024360743","HK","HKG","HONG KONG"
"1024360744","1024360751","AU","AUS","AUSTRALIA"
"1024360752","1024360831","HK","HKG","HONG KONG"
"1024360832","1024360895","AU","AUS","AUSTRALIA"
"1024360896","1024361095","HK","HKG","HONG KONG"
"1024361096","1024361103","AU","AUS","AUSTRALIA"
"1024361104","1024361263","HK","HKG","HONG KONG"
"1024361264","1024361279","AU","AUS","AUSTRALIA"
"1024361280","1024361311","HK","HKG","HONG KONG"
"1024361312","1024361343","AU","AUS","AUSTRALIA"
"1024361344","1024361471","HK","HKG","HONG KONG"
"1024361472","1024361487","TW","TWN","TAIWAN"
"1024361488","1024361503","AU","AUS","AUSTRALIA"
"1024361504","1024361727","PH","PHL","PHILIPPINES"
"1024361728","1024361743","TW","TWN","TAIWAN"
"1024361744","1024361759","AU","AUS","AUSTRALIA"
"1024361760","1024361775","PH","PHL","PHILIPPINES"
"1024361776","1024361791","AU","AUS","AUSTRALIA"
"1024361792","1024361799","PH","PHL","PHILIPPINES"
"1024361800","1024361823","AU","AUS","AUSTRALIA"
"1024361824","1024361839","PH","PHL","PHILIPPINES"
"1024361840","1024361855","AU","AUS","AUSTRALIA"
"1024361856","1024361983","TW","TWN","TAIWAN"
"1024361984","1024362495","PH","PHL","PHILIPPINES"
"1024362496","1024362575","MY","MYS","MALAYSIA"
"1024362576","1024362591","SG","SGP","SINGAPORE"
"1024362592","1024362671","AU","AUS","AUSTRALIA"
"1024362672","1024362687","SG","SGP","SINGAPORE"
"1024362688","1024362703","AU","AUS","AUSTRALIA"
"1024362704","1024362719","MY","MYS","MALAYSIA"
"1024362720","1024362751","AU","AUS","AUSTRALIA"
"1024362752","1024362815","SG","SGP","SINGAPORE"
"1024362816","1024362831","AU","AUS","AUSTRALIA"
"1024362832","1024362879","SG","SGP","SINGAPORE"
"1024362880","1024362911","MY","MYS","MALAYSIA"
"1024362912","1024362975","SG","SGP","SINGAPORE"
"1024362976","1024363007","AU","AUS","AUSTRALIA"
"1024363008","1024363015","SG","SGP","SINGAPORE"
"1024363016","1024363023","AU","AUS","AUSTRALIA"
"1024363024","1024363055","SG","SGP","SINGAPORE"
"1024363056","1024363999","AU","AUS","AUSTRALIA"
"1024364000","1024364015","NZ","NZL","NEW ZEALAND"
"1024364016","1024365567","AU","AUS","AUSTRALIA"
"1024365568","1024365823","HK","HKG","HONG KONG"
"1024365824","1024366335","PH","PHL","PHILIPPINES"
"1024366336","1024366591","AU","AUS","AUSTRALIA"
"1024366592","1024366847","HK","HKG","HONG KONG"
"1024366848","1024367103","TW","TWN","TAIWAN"
"1024367104","1024367359","AU","AUS","AUSTRALIA"
"1024367360","1024367615","TW","TWN","TAIWAN"
"1024367616","1024368127","JP","JPN","JAPAN"
"1024368128","1024368383","PH","PHL","PHILIPPINES"
"1024368384","1024368639","AU","AUS","AUSTRALIA"
"1024368640","1024369407","MY","MYS","MALAYSIA"
"1024369408","1024369919","PH","PHL","PHILIPPINES"
"1024369920","1024370175","TW","TWN","TAIWAN"
"1024370176","1024371455","PH","PHL","PHILIPPINES"
"1024371456","1024371711","JP","JPN","JAPAN"
"1024371712","1024371967","AU","AUS","AUSTRALIA"
"1024371968","1024372223","JP","JPN","JAPAN"
"1024372224","1024372479","PH","PHL","PHILIPPINES"
"1024372480","1024372735","HK","HKG","HONG KONG"
"1024372736","1024373823","PH","PHL","PHILIPPINES"
"1024373824","1024373887","TW","TWN","TAIWAN"
"1024373888","1024374015","PH","PHL","PHILIPPINES"
"1024374016","1024374783","AU","AUS","AUSTRALIA"
"1024374784","1024374911","JP","JPN","JAPAN"
"1024374912","1024374935","AU","AUS","AUSTRALIA"
"1024374936","1024375055","JP","JPN","JAPAN"
"1024375056","1024375807","AU","AUS","AUSTRALIA"
"1024375808","1024375935","TW","TWN","TAIWAN"
"1024375936","1024376063","AU","AUS","AUSTRALIA"
"1024376064","1024376127","TW","TWN","TAIWAN"
"1024376128","1024376191","AU","AUS","AUSTRALIA"
"1024376192","1024376319","PH","PHL","PHILIPPINES"
"1024376320","1024376447","TW","TWN","TAIWAN"
"1024376448","1024376479","AU","AUS","AUSTRALIA"
"1024376480","1024376511","PH","PHL","PHILIPPINES"
"1024376512","1024376703","TW","TWN","TAIWAN"
"1024376704","1024376831","AU","AUS","AUSTRALIA"
"1024376832","1024393215","PH","PHL","PHILIPPINES"
"1024393216","1024458751","HK","HKG","HONG KONG"
"1024458752","1024491519","SG","SGP","SINGAPORE"
"1024491520","1024589823","IN","IND","INDIA"
"1024589824","1024655359","HK","HKG","HONG KONG"
"1024655360","1024720895","TH","THA","THAILAND"
"1024720896","1024786431","TW","TWN","TAIWAN"
"1024786432","1025245183","JP","JPN","JAPAN"
"1025245184","1025277951","CN","CHN","CHINA"
"1025277952","1025294335","PH","PHL","PHILIPPINES"
"1025294336","1025343487","AU","AUS","AUSTRALIA"
"1025343488","1025376255","CN","CHN","CHINA"
"1025376256","1025507327","TW","TWN","TAIWAN"
"1025507328","1026293759","KR","KOR","REPUBLIC OF KOREA"
"1026293760","1026392063","JP","JPN","JAPAN"
"1026392064","1026408447","CN","CHN","CHINA"
"1026408448","1026416639","JP","JPN","JAPAN"
"1026416640","1026424831","AU","AUS","AUSTRALIA"
"1026424832","1026490367","JP","JPN","JAPAN"
"1026490368","1026523135","TH","THA","THAILAND"
"1026523136","1026539519","CN","CHN","CHINA"
"1026539520","1026555903","KR","KOR","REPUBLIC OF KOREA"
"1026555904","1027080191","CN","CHN","CHINA"
"1027080192","1027866623","TW","TWN","TAIWAN"
"1027866624","1027997695","AU","AUS","AUSTRALIA"
"1027997696","1028128767","TW","TWN","TAIWAN"
"1028128768","1029046271","KR","KOR","REPUBLIC OF KOREA"
"1029046272","1029144575","JP","JPN","JAPAN"
"1029144576","1029160959","SG","SGP","SINGAPORE"
"1029160960","1029177343","CN","CHN","CHINA"
"1029177344","1029242879","AU","AUS","AUSTRALIA"
"1029242880","1029308415","JP","JPN","JAPAN"
"1029308416","1029439487","TH","THA","THAILAND"
"1029439488","1029570559","HK","HKG","HONG KONG"
"1029570560","1029636095","ID","IDN","INDONESIA"
"1029636096","1029668863","AU","AUS","AUSTRALIA"
"1029668864","1029701631","IN","IND","INDIA"
"1029701632","1030750207","KR","KOR","REPUBLIC OF KOREA"
"1030750208","1031798783","JP","JPN","JAPAN"
"1031798784","1033982787","CN","CHN","CHINA"
"1033982788","1033982788","FR","FRA","FRANCE"
"1033982789","1034001207","CN","CHN","CHINA"
"1034001208","1034001215","FR","FRA","FRANCE"
"1034001216","1035993087","CN","CHN","CHINA"
"1035993088","1037565951","JP","JPN","JAPAN"
"1037565952","1037591499","TW","TWN","TAIWAN"
"1037591500","1037591503","CN","CHN","CHINA"
"1037591504","1038614527","TW","TWN","TAIWAN"
"1038614528","1039007743","CN","CHN","CHINA"
"1039007744","1039138815","HK","HKG","HONG KONG"
"1039138816","1039400959","CN","CHN","CHINA"
"1039400960","1039466495","HK","HKG","HONG KONG"
"1039466496","1039499263","JP","JPN","JAPAN"
"1039499264","1039515647","AU","AUS","AUSTRALIA"
"1039515648","1039521791","JP","JPN","JAPAN"
"1039521792","1039523839","AU","AUS","AUSTRALIA"
"1039523840","1039532031","KR","KOR","REPUBLIC OF KOREA"
"1039532032","1039597567","IN","IND","INDIA"
"1039597568","1039613951","ID","IDN","INDONESIA"
"1039613952","1039638527","KR","KOR","REPUBLIC OF KOREA"
"1039638528","1039642623","TW","TWN","TAIWAN"
"1039642624","1039646719","AU","AUS","AUSTRALIA"
"1039646720","1039654911","KR","KOR","REPUBLIC OF KOREA"
"1039654912","1039663103","IN","IND","INDIA"
"1039663104","1040187391","KR","KOR","REPUBLIC OF KOREA"
"1040187392","1040252927","IL","ISR","ISRAEL"
"1040252928","1040318463","GR","GRC","GREECE"
"1040318464","1040383999","CH","CHE","SWITZERLAND"
"1040384000","1040392191","SA","SAU","SAUDI ARABIA"
"1040392192","1040392447","GB","GBR","UNITED KINGDOM"
"1040392448","1040399359","SA","SAU","SAUDI ARABIA"
"1040399360","1040400127","GB","GBR","UNITED KINGDOM"
"1040400128","1040400383","SA","SAU","SAUDI ARABIA"
"1040400384","1040416767","GB","GBR","UNITED KINGDOM"
"1040416768","1040424959","SE","SWE","SWEDEN"
"1040424960","1040433151","PL","POL","POLAND"
"1040433152","1040449535","GB","GBR","UNITED KINGDOM"
"1040449536","1040449791","FR","FRA","FRANCE"
"1040449792","1040450047","DE","DEU","GERMANY"
"1040450048","1040457727","FR","FRA","FRANCE"
"1040457728","1040465919","IT","ITA","ITALY"
"1040465920","1040466943","DE","DEU","GERMANY"
"1040466944","1040466959","CA","CAN","CANADA"
"1040466960","1040467071","DE","DEU","GERMANY"
"1040467072","1040467087","FR","FRA","FRANCE"
"1040467088","1040467103","DE","DEU","GERMANY"
"1040467104","1040467135","FR","FRA","FRANCE"
"1040467136","1040467583","DE","DEU","GERMANY"
"1040467584","1040467743","FR","FRA","FRANCE"
"1040467744","1040467759","DE","DEU","GERMANY"
"1040467760","1040467823","FR","FRA","FRANCE"
"1040467824","1040467935","DE","DEU","GERMANY"
"1040467936","1040467951","FR","FRA","FRANCE"
"1040467952","1040467967","DE","DEU","GERMANY"
"1040467968","1040468255","FR","FRA","FRANCE"
"1040468256","1040468263","DE","DEU","GERMANY"
"1040468264","1040468287","FR","FRA","FRANCE"
"1040468288","1040468335","DE","DEU","GERMANY"
"1040468336","1040468351","CH","CHE","SWITZERLAND"
"1040468352","1040468415","DE","DEU","GERMANY"
"1040468416","1040468479","FR","FRA","FRANCE"
"1040468480","1040468735","DE","DEU","GERMANY"
"1040468736","1040468767","NL","NLD","NETHERLANDS"
"1040468768","1040468799","DE","DEU","GERMANY"
"1040468800","1040468847","NL","NLD","NETHERLANDS"
"1040468848","1040468863","DE","DEU","GERMANY"
"1040468864","1040468991","NL","NLD","NETHERLANDS"
"1040468992","1040469023","DE","DEU","GERMANY"
"1040469024","1040469279","FR","FRA","FRANCE"
"1040469280","1040469311","DE","DEU","GERMANY"
"1040469312","1040469343","FR","FRA","FRANCE"
"1040469344","1040469375","DE","DEU","GERMANY"
"1040469376","1040469567","FR","FRA","FRANCE"
"1040469568","1040469631","DE","DEU","GERMANY"
"1040469632","1040469887","FR","FRA","FRANCE"
"1040469888","1040469903","DE","DEU","GERMANY"
"1040469904","1040469927","FR","FRA","FRANCE"
"1040469928","1040469967","DE","DEU","GERMANY"
"1040469968","1040469999","FR","FRA","FRANCE"
"1040470000","1040470527","DE","DEU","GERMANY"
"1040470528","1040471295","NL","NLD","NETHERLANDS"
"1040471296","1040471487","DE","DEU","GERMANY"
"1040471488","1040471711","NL","NLD","NETHERLANDS"
"1040471712","1040471743","DE","DEU","GERMANY"
"1040471744","1040471775","NL","NLD","NETHERLANDS"
"1040471776","1040472991","DE","DEU","GERMANY"
"1040472992","1040473343","NL","NLD","NETHERLANDS"
"1040473344","1040473535","DE","DEU","GERMANY"
"1040473536","1040474111","NL","NLD","NETHERLANDS"
"1040474112","1040482303","CZ","CZE","CZECH REPUBLIC"
"1040482304","1040515071","BE","BEL","BELGIUM"
"1040515072","1040547839","SE","SWE","SWEDEN"
"1040547840","1040580607","RU","RUS","RUSSIAN FEDERATION"
"1040580608","1040711679","GB","GBR","UNITED KINGDOM"
"1040711680","1040719871","FR","FRA","FRANCE"
"1040719872","1040728063","DE","DEU","GERMANY"
"1040736256","1040744447","GB","GBR","UNITED KINGDOM"
"1040744448","1040777215","DE","DEU","GERMANY"
"1040777216","1040842751","IE","IRL","IRELAND"
"1040842752","1040843007","DE","DEU","GERMANY"
"1040843008","1040973823","IT","ITA","ITALY"
"1040973824","1040982015","NL","NLD","NETHERLANDS"
"1040982016","1040982303","DK","DNK","DENMARK"
"1040982304","1040982335","NG","NGA","NIGERIA"
"1040982336","1040982351","ZW","ZWE","ZIMBABWE"
"1040982352","1040982367","NG","NGA","NIGERIA"
"1040982368","1040982383","DK","DNK","DENMARK"
"1040982384","1040982399","SA","SAU","SAUDI ARABIA"
"1040982400","1040982407","CH","CHE","SWITZERLAND"
"1040982408","1040982415","LR","LBR","LIBERIA"
"1040982416","1040982487","SA","SAU","SAUDI ARABIA"
"1040982488","1040982495","IQ","IRQ","IRAQ"
"1040982496","1040982527","DK","DNK","DENMARK"
"1040982528","1040982559","CM","CMR","CAMEROON"
"1040982560","1040982783","DK","DNK","DENMARK"
"1040982784","1040982815","NG","NGA","NIGERIA"
"1040982816","1040983039","DK","DNK","DENMARK"
"1040983040","1040983055","SD","SDN","SUDAN"
"1040983056","1040983295","DK","DNK","DENMARK"
"1040983296","1040983487","IQ","IRQ","IRAQ"
"1040983488","1040984063","DK","DNK","DENMARK"
"1040984064","1040984071","NG","NGA","NIGERIA"
"1040984072","1040984079","GH","GHA","GHANA"
"1040984080","1040984095","GA","GAB","GABON"
"1040984096","1040990207","DK","DNK","DENMARK"
"1040990208","1040998399","CY","CYP","CYPRUS"
"1041006592","1041039359","CH","CHE","SWITZERLAND"
"1041039360","1041051647","SE","SWE","SWEDEN"
"1041051648","1041051839","NO","NOR","NORWAY"
"1041051840","1041052159","SE","SWE","SWEDEN"
"1041052160","1041052175","NO","NOR","NORWAY"
"1041052176","1041072127","SE","SWE","SWEDEN"
"1041072128","1041080319","GB","GBR","UNITED KINGDOM"
"1041080320","1041088511","IT","ITA","ITALY"
"1041088512","1041096703","AT","AUT","AUSTRIA"
"1041096704","1041235967","ES","ESP","SPAIN"
"1041235968","1041244159","UA","UKR","UKRAINE"
"1041244160","1041252351","RU","RUS","RUSSIAN FEDERATION"
"1041252352","1041252863","TJ","TJK","TAJIKISTAN"
"1041252864","1041253119","RU","RUS","RUSSIAN FEDERATION"
"1041253120","1041253375","TJ","TJK","TAJIKISTAN"
"1041253376","1041268735","RU","RUS","RUSSIAN FEDERATION"
"1041268736","1041301503","NO","NOR","NORWAY"
"1041301504","1041301535","GB","GBR","UNITED KINGDOM"
"1041301536","1041301599","IE","IRL","IRELAND"
"1041301600","1041301615","GB","GBR","UNITED KINGDOM"
"1041301616","1041301887","IE","IRL","IRELAND"
"1041301888","1041301919","GB","GBR","UNITED KINGDOM"
"1041301920","1041302015","IE","IRL","IRELAND"
"1041302016","1041302271","GB","GBR","UNITED KINGDOM"
"1041302272","1041302303","IE","IRL","IRELAND"
"1041302304","1041302319","GB","GBR","UNITED KINGDOM"
"1041302320","1041305887","IE","IRL","IRELAND"
"1041305888","1041305983","GB","GBR","UNITED KINGDOM"
"1041305984","1041306031","IE","IRL","IRELAND"
"1041306032","1041306063","GB","GBR","UNITED KINGDOM"
"1041306064","1041306399","IE","IRL","IRELAND"
"1041306400","1041306495","GB","GBR","UNITED KINGDOM"
"1041306496","1041306511","IE","IRL","IRELAND"
"1041306512","1041306527","GB","GBR","UNITED KINGDOM"
"1041306528","1041306607","IE","IRL","IRELAND"
"1041306608","1041306671","GB","GBR","UNITED KINGDOM"
"1041306672","1041306751","IE","IRL","IRELAND"
"1041306752","1041306815","GB","GBR","UNITED KINGDOM"
"1041306816","1041306863","IE","IRL","IRELAND"
"1041306864","1041306879","GB","GBR","UNITED KINGDOM"
"1041306880","1041307487","IE","IRL","IRELAND"
"1041307488","1041307519","GB","GBR","UNITED KINGDOM"
"1041307520","1041307551","IE","IRL","IRELAND"
"1041307552","1041307599","GB","GBR","UNITED KINGDOM"
"1041307600","1041308031","IE","IRL","IRELAND"
"1041308032","1041308063","GB","GBR","UNITED KINGDOM"
"1041308064","1041308287","IE","IRL","IRELAND"
"1041308288","1041308303","GB","GBR","UNITED KINGDOM"
"1041308304","1041308335","IE","IRL","IRELAND"
"1041308336","1041308343","GB","GBR","UNITED KINGDOM"
"1041308344","1041308415","IE","IRL","IRELAND"
"1041308416","1041308671","GB","GBR","UNITED KINGDOM"
"1041308672","1041309119","IE","IRL","IRELAND"
"1041309120","1041309183","GB","GBR","UNITED KINGDOM"
"1041309184","1041310063","IE","IRL","IRELAND"
"1041310064","1041310079","GB","GBR","UNITED KINGDOM"
"1041310080","1041310511","IE","IRL","IRELAND"
"1041310512","1041310527","GB","GBR","UNITED KINGDOM"
"1041310528","1041334271","IE","IRL","IRELAND"
"1041334272","1041334527","GB","GBR","UNITED KINGDOM"
"1041334528","1041334783","IE","IRL","IRELAND"
"1041334784","1041335039","GB","GBR","UNITED KINGDOM"
"1041335040","1041335295","IE","IRL","IRELAND"
"1041335296","1041335327","GB","GBR","UNITED KINGDOM"
"1041335328","1041335343","IE","IRL","IRELAND"
"1041335344","1041335391","GB","GBR","UNITED KINGDOM"
"1041335392","1041335519","IE","IRL","IRELAND"
"1041335520","1041335807","GB","GBR","UNITED KINGDOM"
"1041335808","1041335839","IE","IRL","IRELAND"
"1041335840","1041335871","GB","GBR","UNITED KINGDOM"
"1041335872","1041335935","IE","IRL","IRELAND"
"1041335936","1041335967","GB","GBR","UNITED KINGDOM"
"1041335968","1041336015","IE","IRL","IRELAND"
"1041336016","1041336031","GB","GBR","UNITED KINGDOM"
"1041336032","1041336063","IE","IRL","IRELAND"
"1041336064","1041336127","GB","GBR","UNITED KINGDOM"
"1041336128","1041336207","IE","IRL","IRELAND"
"1041336208","1041336223","GB","GBR","UNITED KINGDOM"
"1041336224","1041336303","IE","IRL","IRELAND"
"1041336304","1041336319","GB","GBR","UNITED KINGDOM"
"1041336320","1041337471","IE","IRL","IRELAND"
"1041337472","1041337487","GB","GBR","UNITED KINGDOM"
"1041337488","1041337663","IE","IRL","IRELAND"
"1041337664","1041337695","GB","GBR","UNITED KINGDOM"
"1041337696","1041337711","IE","IRL","IRELAND"
"1041337712","1041337791","GB","GBR","UNITED KINGDOM"
"1041337792","1041337855","IE","IRL","IRELAND"
"1041337856","1041337887","GB","GBR","UNITED KINGDOM"
"1041337888","1041337919","IE","IRL","IRELAND"
"1041337920","1041337935","GB","GBR","UNITED KINGDOM"
"1041337936","1041337999","IE","IRL","IRELAND"
"1041338000","1041338015","GB","GBR","UNITED KINGDOM"
"1041338016","1041338031","IE","IRL","IRELAND"
"1041338032","1041338111","GB","GBR","UNITED KINGDOM"
"1041338112","1041338751","IE","IRL","IRELAND"
"1041338752","1041338815","GB","GBR","UNITED KINGDOM"
"1041338816","1041338831","IE","IRL","IRELAND"
"1041338832","1041338847","GB","GBR","UNITED KINGDOM"
"1041338848","1041338879","IE","IRL","IRELAND"
"1041338880","1041338895","GB","GBR","UNITED KINGDOM"
"1041338896","1041338927","IE","IRL","IRELAND"
"1041338928","1041339007","GB","GBR","UNITED KINGDOM"
"1041339008","1041339087","IE","IRL","IRELAND"
"1041339088","1041339119","GB","GBR","UNITED KINGDOM"
"1041339120","1041339135","IE","IRL","IRELAND"
"1041339136","1041339151","GB","GBR","UNITED KINGDOM"
"1041339152","1041339263","IE","IRL","IRELAND"
"1041339264","1041339343","GB","GBR","UNITED KINGDOM"
"1041339344","1041339359","IE","IRL","IRELAND"
"1041339360","1041339391","GB","GBR","UNITED KINGDOM"
"1041339392","1041339423","IE","IRL","IRELAND"
"1041339424","1041339439","GB","GBR","UNITED KINGDOM"
"1041339440","1041339455","IE","IRL","IRELAND"
"1041339456","1041339487","GB","GBR","UNITED KINGDOM"
"1041339488","1041339519","IE","IRL","IRELAND"
"1041339520","1041339535","GB","GBR","UNITED KINGDOM"
"1041339536","1041339679","IE","IRL","IRELAND"
"1041339680","1041339711","GB","GBR","UNITED KINGDOM"
"1041339712","1041339935","IE","IRL","IRELAND"
"1041339936","1041339967","GB","GBR","UNITED KINGDOM"
"1041339968","1041339983","IE","IRL","IRELAND"
"1041339984","1041339999","GB","GBR","UNITED KINGDOM"
"1041340000","1041340063","IE","IRL","IRELAND"
"1041340064","1041340079","GB","GBR","UNITED KINGDOM"
"1041340080","1041340095","IE","IRL","IRELAND"
"1041340096","1041340127","GB","GBR","UNITED KINGDOM"
"1041340128","1041340191","IE","IRL","IRELAND"
"1041340192","1041340223","GB","GBR","UNITED KINGDOM"
"1041340224","1041340255","IE","IRL","IRELAND"
"1041340256","1041340271","GB","GBR","UNITED KINGDOM"
"1041340272","1041340319","IE","IRL","IRELAND"
"1041340320","1041340335","GB","GBR","UNITED KINGDOM"
"1041340336","1041340367","IE","IRL","IRELAND"
"1041340368","1041340383","GB","GBR","UNITED KINGDOM"
"1041340384","1041340447","IE","IRL","IRELAND"
"1041340448","1041340463","GB","GBR","UNITED KINGDOM"
"1041340464","1041340559","IE","IRL","IRELAND"
"1041340560","1041340607","GB","GBR","UNITED KINGDOM"
"1041340608","1041340639","IE","IRL","IRELAND"
"1041340640","1041340703","GB","GBR","UNITED KINGDOM"
"1041340704","1041340735","IE","IRL","IRELAND"
"1041340736","1041340751","GB","GBR","UNITED KINGDOM"
"1041340752","1041340799","IE","IRL","IRELAND"
"1041340800","1041340863","GB","GBR","UNITED KINGDOM"
"1041340864","1041340991","IE","IRL","IRELAND"
"1041340992","1041341007","GB","GBR","UNITED KINGDOM"
"1041341008","1041341087","IE","IRL","IRELAND"
"1041341088","1041341103","GB","GBR","UNITED KINGDOM"
"1041341104","1041341151","IE","IRL","IRELAND"
"1041341152","1041341183","GB","GBR","UNITED KINGDOM"
"1041341184","1041341231","IE","IRL","IRELAND"
"1041341232","1041341247","GB","GBR","UNITED KINGDOM"
"1041341248","1041341279","IE","IRL","IRELAND"
"1041341280","1041341343","GB","GBR","UNITED KINGDOM"
"1041341344","1041341759","IE","IRL","IRELAND"
"1041341760","1041341791","GB","GBR","UNITED KINGDOM"
"1041341792","1041341807","IE","IRL","IRELAND"
"1041341808","1041341823","GB","GBR","UNITED KINGDOM"
"1041341824","1041341855","IE","IRL","IRELAND"
"1041341856","1041341887","GB","GBR","UNITED KINGDOM"
"1041341888","1041341919","IE","IRL","IRELAND"
"1041341920","1041341935","GB","GBR","UNITED KINGDOM"
"1041341936","1041342063","IE","IRL","IRELAND"
"1041342064","1041342079","GB","GBR","UNITED KINGDOM"
"1041342080","1041342207","IE","IRL","IRELAND"
"1041342208","1041342223","GB","GBR","UNITED KINGDOM"
"1041342224","1041342239","IE","IRL","IRELAND"
"1041342240","1041342255","GB","GBR","UNITED KINGDOM"
"1041342256","1041342271","IE","IRL","IRELAND"
"1041342272","1041342287","GB","GBR","UNITED KINGDOM"
"1041342288","1041342383","IE","IRL","IRELAND"
"1041342384","1041342415","GB","GBR","UNITED KINGDOM"
"1041342416","1041342431","IE","IRL","IRELAND"
"1041342432","1041342463","GB","GBR","UNITED KINGDOM"
"1041342464","1041342479","IE","IRL","IRELAND"
"1041342480","1041342511","GB","GBR","UNITED KINGDOM"
"1041342512","1041342543","IE","IRL","IRELAND"
"1041342544","1041342575","GB","GBR","UNITED KINGDOM"
"1041342576","1041342591","IE","IRL","IRELAND"
"1041342592","1041342607","GB","GBR","UNITED KINGDOM"
"1041342608","1041342975","IE","IRL","IRELAND"
"1041342976","1041343023","GB","GBR","UNITED KINGDOM"
"1041343024","1041343039","IE","IRL","IRELAND"
"1041343040","1041343167","GB","GBR","UNITED KINGDOM"
"1041343168","1041343231","IE","IRL","IRELAND"
"1041343232","1041343743","GB","GBR","UNITED KINGDOM"
"1041343744","1041344063","IE","IRL","IRELAND"
"1041344064","1041344079","GB","GBR","UNITED KINGDOM"
"1041344080","1041344111","IE","IRL","IRELAND"
"1041344112","1041344159","GB","GBR","UNITED KINGDOM"
"1041344160","1041344191","IE","IRL","IRELAND"
"1041344192","1041344207","GB","GBR","UNITED KINGDOM"
"1041344208","1041344255","IE","IRL","IRELAND"
"1041344256","1041344511","GB","GBR","UNITED KINGDOM"
"1041344512","1041344527","IE","IRL","IRELAND"
"1041344528","1041344575","GB","GBR","UNITED KINGDOM"
"1041344576","1041344607","IE","IRL","IRELAND"
"1041344608","1041344639","GB","GBR","UNITED KINGDOM"
"1041344640","1041344687","IE","IRL","IRELAND"
"1041344688","1041344719","GB","GBR","UNITED KINGDOM"
"1041344720","1041344799","IE","IRL","IRELAND"
"1041344800","1041344847","GB","GBR","UNITED KINGDOM"
"1041344848","1041344895","IE","IRL","IRELAND"
"1041344896","1041344927","GB","GBR","UNITED KINGDOM"
"1041344928","1041345023","IE","IRL","IRELAND"
"1041345024","1041345279","GB","GBR","UNITED KINGDOM"
"1041345280","1041345551","IE","IRL","IRELAND"
"1041345552","1041345583","GB","GBR","UNITED KINGDOM"
"1041345584","1041345599","IE","IRL","IRELAND"
"1041345600","1041345631","GB","GBR","UNITED KINGDOM"
"1041345632","1041345647","IE","IRL","IRELAND"
"1041345648","1041345663","GB","GBR","UNITED KINGDOM"
"1041345664","1041345679","IE","IRL","IRELAND"
"1041345680","1041345695","GB","GBR","UNITED KINGDOM"
"1041345696","1041345759","IE","IRL","IRELAND"
"1041345760","1041345767","GB","GBR","UNITED KINGDOM"
"1041345768","1041345775","IE","IRL","IRELAND"
"1041345776","1041345791","GB","GBR","UNITED KINGDOM"
"1041345792","1041346047","IE","IRL","IRELAND"
"1041346048","1041346079","GB","GBR","UNITED KINGDOM"
"1041346080","1041346095","IE","IRL","IRELAND"
"1041346096","1041346119","GB","GBR","UNITED KINGDOM"
"1041346120","1041346135","IE","IRL","IRELAND"
"1041346136","1041346143","GB","GBR","UNITED KINGDOM"
"1041346144","1041346151","IE","IRL","IRELAND"
"1041346152","1041346159","GB","GBR","UNITED KINGDOM"
"1041346160","1041346199","IE","IRL","IRELAND"
"1041346200","1041346215","GB","GBR","UNITED KINGDOM"
"1041346216","1041346255","IE","IRL","IRELAND"
"1041346256","1041346263","GB","GBR","UNITED KINGDOM"
"1041346264","1041347071","IE","IRL","IRELAND"
"1041347072","1041347391","GB","GBR","UNITED KINGDOM"
"1041347392","1041358047","IE","IRL","IRELAND"
"1041358048","1041358079","GB","GBR","UNITED KINGDOM"
"1041358080","1041362959","IE","IRL","IRELAND"
"1041362960","1041362975","GB","GBR","UNITED KINGDOM"
"1041362976","1041363007","IE","IRL","IRELAND"
"1041363008","1041363023","GB","GBR","UNITED KINGDOM"
"1041363024","1041363167","IE","IRL","IRELAND"
"1041363168","1041363455","GB","GBR","UNITED KINGDOM"
"1041363456","1041363711","IE","IRL","IRELAND"
"1041363712","1041363751","GB","GBR","UNITED KINGDOM"
"1041363752","1041363759","IE","IRL","IRELAND"
"1041363760","1041363775","GB","GBR","UNITED KINGDOM"
"1041363776","1041363839","IE","IRL","IRELAND"
"1041363840","1041363871","GB","GBR","UNITED KINGDOM"
"1041363872","1041364495","IE","IRL","IRELAND"
"1041364496","1041364575","GB","GBR","UNITED KINGDOM"
"1041364576","1041364607","IE","IRL","IRELAND"
"1041364608","1041364735","GB","GBR","UNITED KINGDOM"
"1041364736","1041365039","IE","IRL","IRELAND"
"1041365040","1041365055","GB","GBR","UNITED KINGDOM"
"1041365056","1041365087","IE","IRL","IRELAND"
"1041365088","1041365103","GB","GBR","UNITED KINGDOM"
"1041365104","1041365151","IE","IRL","IRELAND"
"1041365152","1041365167","GB","GBR","UNITED KINGDOM"
"1041365168","1041365199","IE","IRL","IRELAND"
"1041365200","1041365247","GB","GBR","UNITED KINGDOM"
"1041365248","1041365503","IE","IRL","IRELAND"
"1041365504","1041365743","GB","GBR","UNITED KINGDOM"
"1041365744","1041366031","IE","IRL","IRELAND"
"1041366032","1041366079","GB","GBR","UNITED KINGDOM"
"1041366080","1041366119","IE","IRL","IRELAND"
"1041366120","1041366127","GB","GBR","UNITED KINGDOM"
"1041366128","1041366143","IE","IRL","IRELAND"
"1041366144","1041366207","GB","GBR","UNITED KINGDOM"
"1041366208","1041366271","IE","IRL","IRELAND"
"1041366272","1041366527","GB","GBR","UNITED KINGDOM"
"1041366528","1041367039","IE","IRL","IRELAND"
"1041367040","1041498111","GB","GBR","UNITED KINGDOM"
"1041498112","1041563647","SE","SWE","SWEDEN"
"1041563648","1041596415","PL","POL","POLAND"
"1041596416","1041629183","NL","NLD","NETHERLANDS"
"1041629184","1041633103","ES","ESP","SPAIN"
"1041633104","1041633119","GB","GBR","UNITED KINGDOM"
"1041633120","1041694719","ES","ESP","SPAIN"
"1041694720","1041694927","FR","FRA","FRANCE"
"1041694928","1041694975","GB","GBR","UNITED KINGDOM"
"1041694976","1041695455","FR","FRA","FRANCE"
"1041695456","1041695487","GB","GBR","UNITED KINGDOM"
"1041695488","1041695551","FR","FRA","FRANCE"
"1041695552","1041695567","GB","GBR","UNITED KINGDOM"
"1041695568","1041695615","FR","FRA","FRANCE"
"1041695616","1041695703","GB","GBR","UNITED KINGDOM"
"1041695704","1041695711","FR","FRA","FRANCE"
"1041695712","1041696023","GB","GBR","UNITED KINGDOM"
"1041696024","1041696415","FR","FRA","FRANCE"
"1041696416","1041696431","GB","GBR","UNITED KINGDOM"
"1041696432","1041697151","FR","FRA","FRANCE"
"1041697152","1041697159","GB","GBR","UNITED KINGDOM"
"1041697160","1041697183","FR","FRA","FRANCE"
"1041697184","1041697199","GB","GBR","UNITED KINGDOM"
"1041697200","1041697391","FR","FRA","FRANCE"
"1041697392","1041697407","GB","GBR","UNITED KINGDOM"
"1041697408","1041697699","FR","FRA","FRANCE"
"1041697700","1041697703","GB","GBR","UNITED KINGDOM"
"1041697704","1041697815","FR","FRA","FRANCE"
"1041697816","1041697823","GB","GBR","UNITED KINGDOM"
"1041697824","1041697855","FR","FRA","FRANCE"
"1041697856","1041697863","GB","GBR","UNITED KINGDOM"
"1041697864","1041697895","FR","FRA","FRANCE"
"1041697896","1041697903","GB","GBR","UNITED KINGDOM"
"1041697904","1041697919","FR","FRA","FRANCE"
"1041697920","1041697983","GB","GBR","UNITED KINGDOM"
"1041697984","1041698127","FR","FRA","FRANCE"
"1041698128","1041698143","GB","GBR","UNITED KINGDOM"
"1041698144","1041698247","FR","FRA","FRANCE"
"1041698248","1041698255","GB","GBR","UNITED KINGDOM"
"1041698256","1041698263","FR","FRA","FRANCE"
"1041698264","1041698271","GB","GBR","UNITED KINGDOM"
"1041698272","1041698287","FR","FRA","FRANCE"
"1041698288","1041698303","GB","GBR","UNITED KINGDOM"
"1041698304","1041698591","FR","FRA","FRANCE"
"1041698592","1041698607","GB","GBR","UNITED KINGDOM"
"1041698608","1041698647","FR","FRA","FRANCE"
"1041698648","1041698663","GB","GBR","UNITED KINGDOM"
"1041698664","1041698807","FR","FRA","FRANCE"
"1041698808","1041698815","GB","GBR","UNITED KINGDOM"
"1041698816","1041699263","FR","FRA","FRANCE"
"1041699264","1041699271","GB","GBR","UNITED KINGDOM"
"1041699272","1041699287","FR","FRA","FRANCE"
"1041699288","1041699295","GB","GBR","UNITED KINGDOM"
"1041699296","1041699767","FR","FRA","FRANCE"
"1041699768","1041699775","GB","GBR","UNITED KINGDOM"
"1041699776","1041700863","FR","FRA","FRANCE"
"1041700864","1041700895","GB","GBR","UNITED KINGDOM"
"1041700896","1041700983","FR","FRA","FRANCE"
"1041700984","1041700991","GB","GBR","UNITED KINGDOM"
"1041700992","1041701119","FR","FRA","FRANCE"
"1041701120","1041701167","GB","GBR","UNITED KINGDOM"
"1041701168","1041701175","FR","FRA","FRANCE"
"1041701176","1041701231","GB","GBR","UNITED KINGDOM"
"1041701232","1041701239","FR","FRA","FRANCE"
"1041701240","1041701631","GB","GBR","UNITED KINGDOM"
"1041701632","1041701639","FR","FRA","FRANCE"
"1041701640","1041701647","GB","GBR","UNITED KINGDOM"
"1041701648","1041701831","FR","FRA","FRANCE"
"1041701832","1041701839","GB","GBR","UNITED KINGDOM"
"1041701840","1041701863","FR","FRA","FRANCE"
"1041701864","1041701871","GB","GBR","UNITED KINGDOM"
"1041701872","1041701927","FR","FRA","FRANCE"
"1041701928","1041701959","GB","GBR","UNITED KINGDOM"
"1041701960","1041702111","FR","FRA","FRANCE"
"1041702112","1041702143","GB","GBR","UNITED KINGDOM"
"1041702144","1041702183","FR","FRA","FRANCE"
"1041702184","1041702191","GB","GBR","UNITED KINGDOM"
"1041702192","1041702303","FR","FRA","FRANCE"
"1041702304","1041702311","GB","GBR","UNITED KINGDOM"
"1041702312","1041702319","FR","FRA","FRANCE"
"1041702320","1041702335","GB","GBR","UNITED KINGDOM"
"1041702336","1041702351","FR","FRA","FRANCE"
"1041702352","1041702655","GB","GBR","UNITED KINGDOM"
"1041702656","1041703487","FR","FRA","FRANCE"
"1041703488","1041703503","GB","GBR","UNITED KINGDOM"
"1041703504","1041703567","FR","FRA","FRANCE"
"1041703568","1041703583","GB","GBR","UNITED KINGDOM"
"1041703584","1041703951","FR","FRA","FRANCE"
"1041703952","1041703967","GB","GBR","UNITED KINGDOM"
"1041703968","1041703991","FR","FRA","FRANCE"
"1041703992","1041703999","GB","GBR","UNITED KINGDOM"
"1041704000","1041704015","FR","FRA","FRANCE"
"1041704016","1041704039","GB","GBR","UNITED KINGDOM"
"1041704040","1041704111","FR","FRA","FRANCE"
"1041704112","1041704143","GB","GBR","UNITED KINGDOM"
"1041704144","1041704159","FR","FRA","FRANCE"
"1041704160","1041704175","GB","GBR","UNITED KINGDOM"
"1041704176","1041704255","FR","FRA","FRANCE"
"1041704256","1041704271","GB","GBR","UNITED KINGDOM"
"1041704272","1041704303","FR","FRA","FRANCE"
"1041704304","1041704335","GB","GBR","UNITED KINGDOM"
"1041704336","1041704399","FR","FRA","FRANCE"
"1041704400","1041704431","GB","GBR","UNITED KINGDOM"
"1041704432","1041704447","FR","FRA","FRANCE"
"1041704448","1041704455","GB","GBR","UNITED KINGDOM"
"1041704456","1041704463","FR","FRA","FRANCE"
"1041704464","1041704487","GB","GBR","UNITED KINGDOM"
"1041704488","1041704503","FR","FRA","FRANCE"
"1041704504","1041704559","GB","GBR","UNITED KINGDOM"
"1041704560","1041704607","FR","FRA","FRANCE"
"1041704608","1041704623","GB","GBR","UNITED KINGDOM"
"1041704624","1041704647","FR","FRA","FRANCE"
"1041704648","1041704655","GB","GBR","UNITED KINGDOM"
"1041704656","1041704671","FR","FRA","FRANCE"
"1041704672","1041704687","GB","GBR","UNITED KINGDOM"
"1041704688","1041704751","FR","FRA","FRANCE"
"1041704752","1041704759","GB","GBR","UNITED KINGDOM"
"1041704760","1041704775","FR","FRA","FRANCE"
"1041704776","1041704783","GB","GBR","UNITED KINGDOM"
"1041704784","1041704807","FR","FRA","FRANCE"
"1041704808","1041704815","GB","GBR","UNITED KINGDOM"
"1041704816","1041704823","FR","FRA","FRANCE"
"1041704824","1041704863","GB","GBR","UNITED KINGDOM"
"1041704864","1041704879","FR","FRA","FRANCE"
"1041704880","1041704887","GB","GBR","UNITED KINGDOM"
"1041704888","1041704911","FR","FRA","FRANCE"
"1041704912","1041704943","GB","GBR","UNITED KINGDOM"
"1041704944","1041705247","FR","FRA","FRANCE"
"1041705248","1041705279","GB","GBR","UNITED KINGDOM"
"1041705280","1041705303","FR","FRA","FRANCE"
"1041705304","1041705311","GB","GBR","UNITED KINGDOM"
"1041705312","1041705343","FR","FRA","FRANCE"
"1041705344","1041705367","GB","GBR","UNITED KINGDOM"
"1041705368","1041705391","FR","FRA","FRANCE"
"1041705392","1041705439","GB","GBR","UNITED KINGDOM"
"1041705440","1041705447","FR","FRA","FRANCE"
"1041705448","1041705463","GB","GBR","UNITED KINGDOM"
"1041705464","1041705471","FR","FRA","FRANCE"
"1041705472","1041705487","GB","GBR","UNITED KINGDOM"
"1041705488","1041705527","FR","FRA","FRANCE"
"1041705528","1041705535","GB","GBR","UNITED KINGDOM"
"1041705536","1041705599","FR","FRA","FRANCE"
"1041705600","1041705663","GB","GBR","UNITED KINGDOM"
"1041705664","1041705727","FR","FRA","FRANCE"
"1041705728","1041705807","GB","GBR","UNITED KINGDOM"
"1041705808","1041705871","FR","FRA","FRANCE"
"1041705872","1041705887","GB","GBR","UNITED KINGDOM"
"1041705888","1041705895","FR","FRA","FRANCE"
"1041705896","1041705903","GB","GBR","UNITED KINGDOM"
"1041705904","1041705911","FR","FRA","FRANCE"
"1041705912","1041705919","GB","GBR","UNITED KINGDOM"
"1041705920","1041705951","FR","FRA","FRANCE"
"1041705952","1041705983","GB","GBR","UNITED KINGDOM"
"1041705984","1041705999","FR","FRA","FRANCE"
"1041706000","1041706007","GB","GBR","UNITED KINGDOM"
"1041706008","1041706047","FR","FRA","FRANCE"
"1041706048","1041706079","GB","GBR","UNITED KINGDOM"
"1041706080","1041706087","FR","FRA","FRANCE"
"1041706088","1041706095","GB","GBR","UNITED KINGDOM"
"1041706096","1041706111","FR","FRA","FRANCE"
"1041706112","1041706143","GB","GBR","UNITED KINGDOM"
"1041706144","1041706207","FR","FRA","FRANCE"
"1041706208","1041706223","GB","GBR","UNITED KINGDOM"
"1041706224","1041706239","FR","FRA","FRANCE"
"1041706240","1041706287","GB","GBR","UNITED KINGDOM"
"1041706288","1041706319","FR","FRA","FRANCE"
"1041706320","1041706343","GB","GBR","UNITED KINGDOM"
"1041706344","1041706359","FR","FRA","FRANCE"
"1041706360","1041706367","GB","GBR","UNITED KINGDOM"
"1041706368","1041706383","FR","FRA","FRANCE"
"1041706384","1041706399","GB","GBR","UNITED KINGDOM"
"1041706400","1041706447","FR","FRA","FRANCE"
"1041706448","1041706455","GB","GBR","UNITED KINGDOM"
"1041706456","1041706471","FR","FRA","FRANCE"
"1041706472","1041706487","GB","GBR","UNITED KINGDOM"
"1041706488","1041706495","FR","FRA","FRANCE"
"1041706496","1041706511","GB","GBR","UNITED KINGDOM"
"1041706512","1041706535","FR","FRA","FRANCE"
"1041706536","1041706543","GB","GBR","UNITED KINGDOM"
"1041706544","1041706559","FR","FRA","FRANCE"
"1041706560","1041706575","GB","GBR","UNITED KINGDOM"
"1041706576","1041706583","FR","FRA","FRANCE"
"1041706584","1041706591","GB","GBR","UNITED KINGDOM"
"1041706592","1041706623","FR","FRA","FRANCE"
"1041706624","1041706631","GB","GBR","UNITED KINGDOM"
"1041706632","1041706767","FR","FRA","FRANCE"
"1041706768","1041706799","GB","GBR","UNITED KINGDOM"
"1041706800","1041706815","FR","FRA","FRANCE"
"1041706816","1041706847","GB","GBR","UNITED KINGDOM"
"1041706848","1041706871","FR","FRA","FRANCE"
"1041706872","1041706879","GB","GBR","UNITED KINGDOM"
"1041706880","1041706951","FR","FRA","FRANCE"
"1041706952","1041706975","GB","GBR","UNITED KINGDOM"
"1041706976","1041706983","FR","FRA","FRANCE"
"1041706984","1041706991","GB","GBR","UNITED KINGDOM"
"1041706992","1041706999","FR","FRA","FRANCE"
"1041707000","1041707007","GB","GBR","UNITED KINGDOM"
"1041707008","1041707271","FR","FRA","FRANCE"
"1041707272","1041707279","GB","GBR","UNITED KINGDOM"
"1041707280","1041707311","FR","FRA","FRANCE"
"1041707312","1041707319","GB","GBR","UNITED KINGDOM"
"1041707320","1041707359","FR","FRA","FRANCE"
"1041707360","1041707367","GB","GBR","UNITED KINGDOM"
"1041707368","1041707391","FR","FRA","FRANCE"
"1041707392","1041707415","GB","GBR","UNITED KINGDOM"
"1041707416","1041707439","FR","FRA","FRANCE"
"1041707440","1041707463","GB","GBR","UNITED KINGDOM"
"1041707464","1041707487","FR","FRA","FRANCE"
"1041707488","1041707495","GB","GBR","UNITED KINGDOM"
"1041707496","1041707575","FR","FRA","FRANCE"
"1041707576","1041707583","GB","GBR","UNITED KINGDOM"
"1041707584","1041707615","FR","FRA","FRANCE"
"1041707616","1041707631","GB","GBR","UNITED KINGDOM"
"1041707632","1041707647","FR","FRA","FRANCE"
"1041707648","1041707655","GB","GBR","UNITED KINGDOM"
"1041707656","1041707687","FR","FRA","FRANCE"
"1041707688","1041707695","GB","GBR","UNITED KINGDOM"
"1041707696","1041707711","FR","FRA","FRANCE"
"1041707712","1041707743","GB","GBR","UNITED KINGDOM"
"1041707744","1041707831","FR","FRA","FRANCE"
"1041707832","1041707839","GB","GBR","UNITED KINGDOM"
"1041707840","1041707871","FR","FRA","FRANCE"
"1041707872","1041707887","GB","GBR","UNITED KINGDOM"
"1041707888","1041707895","FR","FRA","FRANCE"
"1041707896","1041707903","GB","GBR","UNITED KINGDOM"
"1041707904","1041707999","FR","FRA","FRANCE"
"1041708000","1041708007","GB","GBR","UNITED KINGDOM"
"1041708008","1041708295","FR","FRA","FRANCE"
"1041708296","1041708303","GB","GBR","UNITED KINGDOM"
"1041708304","1041708311","FR","FRA","FRANCE"
"1041708312","1041708319","GB","GBR","UNITED KINGDOM"
"1041708320","1041708327","FR","FRA","FRANCE"
"1041708328","1041708351","GB","GBR","UNITED KINGDOM"
"1041708352","1041708367","FR","FRA","FRANCE"
"1041708368","1041708383","GB","GBR","UNITED KINGDOM"
"1041708384","1041708415","FR","FRA","FRANCE"
"1041708416","1041708431","GB","GBR","UNITED KINGDOM"
"1041708432","1041708479","FR","FRA","FRANCE"
"1041708480","1041708487","GB","GBR","UNITED KINGDOM"
"1041708488","1041708495","FR","FRA","FRANCE"
"1041708496","1041708511","GB","GBR","UNITED KINGDOM"
"1041708512","1041708551","FR","FRA","FRANCE"
"1041708552","1041708559","GB","GBR","UNITED KINGDOM"
"1041708560","1041708607","FR","FRA","FRANCE"
"1041708608","1041708615","GB","GBR","UNITED KINGDOM"
"1041708616","1041708671","FR","FRA","FRANCE"
"1041708672","1041708687","GB","GBR","UNITED KINGDOM"
"1041708688","1041708703","FR","FRA","FRANCE"
"1041708704","1041708735","GB","GBR","UNITED KINGDOM"
"1041708736","1041708799","FR","FRA","FRANCE"
"1041708800","1041708815","GB","GBR","UNITED KINGDOM"
"1041708816","1041708831","FR","FRA","FRANCE"
"1041708832","1041708839","GB","GBR","UNITED KINGDOM"
"1041708840","1041708847","FR","FRA","FRANCE"
"1041708848","1041708855","GB","GBR","UNITED KINGDOM"
"1041708856","1041708903","FR","FRA","FRANCE"
"1041708904","1041708911","GB","GBR","UNITED KINGDOM"
"1041708912","1041708927","FR","FRA","FRANCE"
"1041708928","1041708943","GB","GBR","UNITED KINGDOM"
"1041708944","1041708991","FR","FRA","FRANCE"
"1041708992","1041708999","GB","GBR","UNITED KINGDOM"
"1041709000","1041709023","FR","FRA","FRANCE"
"1041709024","1041709055","GB","GBR","UNITED KINGDOM"
"1041709056","1041709343","FR","FRA","FRANCE"
"1041709344","1041709359","GB","GBR","UNITED KINGDOM"
"1041709360","1041709367","FR","FRA","FRANCE"
"1041709368","1041709375","GB","GBR","UNITED KINGDOM"
"1041709376","1041709463","FR","FRA","FRANCE"
"1041709464","1041709471","GB","GBR","UNITED KINGDOM"
"1041709472","1041709767","FR","FRA","FRANCE"
"1041709768","1041709775","GB","GBR","UNITED KINGDOM"
"1041709776","1041709823","FR","FRA","FRANCE"
"1041709824","1041709831","GB","GBR","UNITED KINGDOM"
"1041709832","1041709919","FR","FRA","FRANCE"
"1041709920","1041709927","GB","GBR","UNITED KINGDOM"
"1041709928","1041709935","FR","FRA","FRANCE"
"1041709936","1041709943","GB","GBR","UNITED KINGDOM"
"1041709944","1041709951","FR","FRA","FRANCE"
"1041709952","1041709983","GB","GBR","UNITED KINGDOM"
"1041709984","1041709991","FR","FRA","FRANCE"
"1041709992","1041709999","GB","GBR","UNITED KINGDOM"
"1041710000","1041710007","FR","FRA","FRANCE"
"1041710008","1041710015","GB","GBR","UNITED KINGDOM"
"1041710016","1041710047","FR","FRA","FRANCE"
"1041710048","1041710055","GB","GBR","UNITED KINGDOM"
"1041710056","1041710063","FR","FRA","FRANCE"
"1041710064","1041710079","GB","GBR","UNITED KINGDOM"
"1041710080","1041710335","FR","FRA","FRANCE"
"1041710336","1041710359","GB","GBR","UNITED KINGDOM"
"1041710360","1041710367","FR","FRA","FRANCE"
"1041710368","1041710383","GB","GBR","UNITED KINGDOM"
"1041710384","1041710391","FR","FRA","FRANCE"
"1041710392","1041710407","GB","GBR","UNITED KINGDOM"
"1041710408","1041710423","FR","FRA","FRANCE"
"1041710424","1041710431","GB","GBR","UNITED KINGDOM"
"1041710432","1041710439","FR","FRA","FRANCE"
"1041710440","1041710447","GB","GBR","UNITED KINGDOM"
"1041710448","1041710479","FR","FRA","FRANCE"
"1041710480","1041710487","GB","GBR","UNITED KINGDOM"
"1041710488","1041710503","FR","FRA","FRANCE"
"1041710504","1041710511","GB","GBR","UNITED KINGDOM"
"1041710512","1041710535","FR","FRA","FRANCE"
"1041710536","1041710543","GB","GBR","UNITED KINGDOM"
"1041710544","1041710559","FR","FRA","FRANCE"
"1041710560","1041710567","GB","GBR","UNITED KINGDOM"
"1041710568","1041710599","FR","FRA","FRANCE"
"1041710600","1041710623","GB","GBR","UNITED KINGDOM"
"1041710624","1041710687","FR","FRA","FRANCE"
"1041710688","1041710695","GB","GBR","UNITED KINGDOM"
"1041710696","1041710703","FR","FRA","FRANCE"
"1041710704","1041710711","GB","GBR","UNITED KINGDOM"
"1041710712","1041710735","FR","FRA","FRANCE"
"1041710736","1041710743","GB","GBR","UNITED KINGDOM"
"1041710744","1041710775","FR","FRA","FRANCE"
"1041710776","1041710791","GB","GBR","UNITED KINGDOM"
"1041710792","1041710807","FR","FRA","FRANCE"
"1041710808","1041710815","GB","GBR","UNITED KINGDOM"
"1041710816","1041711367","FR","FRA","FRANCE"
"1041711368","1041711375","GB","GBR","UNITED KINGDOM"
"1041711376","1041711423","FR","FRA","FRANCE"
"1041711424","1041711439","GB","GBR","UNITED KINGDOM"
"1041711440","1041711455","FR","FRA","FRANCE"
"1041711456","1041711463","GB","GBR","UNITED KINGDOM"
"1041711464","1041711471","FR","FRA","FRANCE"
"1041711472","1041711487","GB","GBR","UNITED KINGDOM"
"1041711488","1041711535","FR","FRA","FRANCE"
"1041711536","1041711567","GB","GBR","UNITED KINGDOM"
"1041711568","1041711871","FR","FRA","FRANCE"
"1041711872","1041711903","GB","GBR","UNITED KINGDOM"
"1041711904","1041711911","FR","FRA","FRANCE"
"1041711912","1041711927","GB","GBR","UNITED KINGDOM"
"1041711928","1041711935","FR","FRA","FRANCE"
"1041711936","1041711951","GB","GBR","UNITED KINGDOM"
"1041711952","1041711967","FR","FRA","FRANCE"
"1041711968","1041711983","GB","GBR","UNITED KINGDOM"
"1041711984","1041712063","FR","FRA","FRANCE"
"1041712064","1041712095","GB","GBR","UNITED KINGDOM"
"1041712096","1041712439","FR","FRA","FRANCE"
"1041712440","1041712463","GB","GBR","UNITED KINGDOM"
"1041712464","1041712511","FR","FRA","FRANCE"
"1041712512","1041712527","GB","GBR","UNITED KINGDOM"
"1041712528","1041712623","FR","FRA","FRANCE"
"1041712624","1041712631","GB","GBR","UNITED KINGDOM"
"1041712632","1041712927","FR","FRA","FRANCE"
"1041712928","1041712943","GB","GBR","UNITED KINGDOM"
"1041712944","1041712991","FR","FRA","FRANCE"
"1041712992","1041712999","GB","GBR","UNITED KINGDOM"
"1041713000","1041713007","FR","FRA","FRANCE"
"1041713008","1041713015","GB","GBR","UNITED KINGDOM"
"1041713016","1041713023","FR","FRA","FRANCE"
"1041713024","1041713031","GB","GBR","UNITED KINGDOM"
"1041713032","1041713055","FR","FRA","FRANCE"
"1041713056","1041713063","GB","GBR","UNITED KINGDOM"
"1041713064","1041713079","FR","FRA","FRANCE"
"1041713080","1041713087","GB","GBR","UNITED KINGDOM"
"1041713088","1041713663","FR","FRA","FRANCE"
"1041713664","1041713695","GB","GBR","UNITED KINGDOM"
"1041713696","1041713791","FR","FRA","FRANCE"
"1041713792","1041713799","GB","GBR","UNITED KINGDOM"
"1041713800","1041713823","FR","FRA","FRANCE"
"1041713824","1041713831","GB","GBR","UNITED KINGDOM"
"1041713832","1041713839","FR","FRA","FRANCE"
"1041713840","1041713855","GB","GBR","UNITED KINGDOM"
"1041713856","1041713871","FR","FRA","FRANCE"
"1041713872","1041713887","GB","GBR","UNITED KINGDOM"
"1041713888","1041713991","FR","FRA","FRANCE"
"1041713992","1041713999","GB","GBR","UNITED KINGDOM"
"1041714000","1041714055","FR","FRA","FRANCE"
"1041714056","1041714063","GB","GBR","UNITED KINGDOM"
"1041714064","1041714095","FR","FRA","FRANCE"
"1041714096","1041714103","GB","GBR","UNITED KINGDOM"
"1041714104","1041714431","FR","FRA","FRANCE"
"1041714432","1041714439","GB","GBR","UNITED KINGDOM"
"1041714440","1041714447","FR","FRA","FRANCE"
"1041714448","1041714455","GB","GBR","UNITED KINGDOM"
"1041714456","1041714511","FR","FRA","FRANCE"
"1041714512","1041714527","GB","GBR","UNITED KINGDOM"
"1041714528","1041714543","FR","FRA","FRANCE"
"1041714544","1041714591","GB","GBR","UNITED KINGDOM"
"1041714592","1041714607","FR","FRA","FRANCE"
"1041714608","1041714615","GB","GBR","UNITED KINGDOM"
"1041714616","1041714623","FR","FRA","FRANCE"
"1041714624","1041714687","GB","GBR","UNITED KINGDOM"
"1041714688","1041714711","FR","FRA","FRANCE"
"1041714712","1041714727","GB","GBR","UNITED KINGDOM"
"1041714728","1041714767","FR","FRA","FRANCE"
"1041714768","1041714783","GB","GBR","UNITED KINGDOM"
"1041714784","1041714815","FR","FRA","FRANCE"
"1041714816","1041714847","GB","GBR","UNITED KINGDOM"
"1041714848","1041714855","FR","FRA","FRANCE"
"1041714856","1041714879","GB","GBR","UNITED KINGDOM"
"1041714880","1041714911","FR","FRA","FRANCE"
"1041714912","1041714919","GB","GBR","UNITED KINGDOM"
"1041714920","1041714975","FR","FRA","FRANCE"
"1041714976","1041715039","GB","GBR","UNITED KINGDOM"
"1041715040","1041715055","FR","FRA","FRANCE"
"1041715056","1041715071","GB","GBR","UNITED KINGDOM"
"1041715072","1041715079","FR","FRA","FRANCE"
"1041715080","1041715087","GB","GBR","UNITED KINGDOM"
"1041715088","1041715103","FR","FRA","FRANCE"
"1041715104","1041715111","GB","GBR","UNITED KINGDOM"
"1041715112","1041715119","FR","FRA","FRANCE"
"1041715120","1041715143","GB","GBR","UNITED KINGDOM"
"1041715144","1041715151","FR","FRA","FRANCE"
"1041715152","1041715167","GB","GBR","UNITED KINGDOM"
"1041715168","1041715183","FR","FRA","FRANCE"
"1041715184","1041715199","GB","GBR","UNITED KINGDOM"
"1041715200","1041715503","FR","FRA","FRANCE"
"1041715504","1041715535","GB","GBR","UNITED KINGDOM"
"1041715536","1041715551","FR","FRA","FRANCE"
"1041715552","1041715567","GB","GBR","UNITED KINGDOM"
"1041715568","1041715599","FR","FRA","FRANCE"
"1041715600","1041715615","GB","GBR","UNITED KINGDOM"
"1041715616","1041715631","FR","FRA","FRANCE"
"1041715632","1041715647","GB","GBR","UNITED KINGDOM"
"1041715648","1041715711","FR","FRA","FRANCE"
"1041715712","1041715727","GB","GBR","UNITED KINGDOM"
"1041715728","1041715743","FR","FRA","FRANCE"
"1041715744","1041715775","GB","GBR","UNITED KINGDOM"
"1041715776","1041715791","FR","FRA","FRANCE"
"1041715792","1041715823","GB","GBR","UNITED KINGDOM"
"1041715824","1041715863","FR","FRA","FRANCE"
"1041715864","1041715911","GB","GBR","UNITED KINGDOM"
"1041715912","1041715943","FR","FRA","FRANCE"
"1041715944","1041715951","GB","GBR","UNITED KINGDOM"
"1041715952","1041715967","FR","FRA","FRANCE"
"1041715968","1041716015","GB","GBR","UNITED KINGDOM"
"1041716016","1041716039","FR","FRA","FRANCE"
"1041716040","1041716063","GB","GBR","UNITED KINGDOM"
"1041716064","1041716111","FR","FRA","FRANCE"
"1041716112","1041716223","GB","GBR","UNITED KINGDOM"
"1041716224","1041716239","FR","FRA","FRANCE"
"1041716240","1041716287","GB","GBR","UNITED KINGDOM"
"1041716288","1041716303","FR","FRA","FRANCE"
"1041716304","1041716319","GB","GBR","UNITED KINGDOM"
"1041716320","1041716335","FR","FRA","FRANCE"
"1041716336","1041716343","GB","GBR","UNITED KINGDOM"
"1041716344","1041716383","FR","FRA","FRANCE"
"1041716384","1041716399","GB","GBR","UNITED KINGDOM"
"1041716400","1041716407","FR","FRA","FRANCE"
"1041716408","1041716415","GB","GBR","UNITED KINGDOM"
"1041716416","1041716487","FR","FRA","FRANCE"
"1041716488","1041716527","GB","GBR","UNITED KINGDOM"
"1041716528","1041716559","FR","FRA","FRANCE"
"1041716560","1041716599","GB","GBR","UNITED KINGDOM"
"1041716600","1041716671","FR","FRA","FRANCE"
"1041716672","1041716703","GB","GBR","UNITED KINGDOM"
"1041716704","1041716991","FR","FRA","FRANCE"
"1041716992","1041717007","GB","GBR","UNITED KINGDOM"
"1041717008","1041717071","FR","FRA","FRANCE"
"1041717072","1041717103","GB","GBR","UNITED KINGDOM"
"1041717104","1041717111","FR","FRA","FRANCE"
"1041717112","1041717119","GB","GBR","UNITED KINGDOM"
"1041717120","1041717199","FR","FRA","FRANCE"
"1041717200","1041717247","GB","GBR","UNITED KINGDOM"
"1041717248","1041717519","FR","FRA","FRANCE"
"1041717520","1041717527","GB","GBR","UNITED KINGDOM"
"1041717528","1041717559","FR","FRA","FRANCE"
"1041717560","1041717567","GB","GBR","UNITED KINGDOM"
"1041717568","1041718023","FR","FRA","FRANCE"
"1041718024","1041718031","GB","GBR","UNITED KINGDOM"
"1041718032","1041718055","FR","FRA","FRANCE"
"1041718056","1041718063","GB","GBR","UNITED KINGDOM"
"1041718064","1041718079","FR","FRA","FRANCE"
"1041718080","1041718095","GB","GBR","UNITED KINGDOM"
"1041718096","1041718103","FR","FRA","FRANCE"
"1041718104","1041718111","GB","GBR","UNITED KINGDOM"
"1041718112","1041718143","FR","FRA","FRANCE"
"1041718144","1041718159","GB","GBR","UNITED KINGDOM"
"1041718160","1041718191","FR","FRA","FRANCE"
"1041718192","1041718215","GB","GBR","UNITED KINGDOM"
"1041718216","1041718231","FR","FRA","FRANCE"
"1041718232","1041718255","GB","GBR","UNITED KINGDOM"
"1041718256","1041718271","FR","FRA","FRANCE"
"1041718272","1041718311","GB","GBR","UNITED KINGDOM"
"1041718312","1041718319","FR","FRA","FRANCE"
"1041718320","1041718327","GB","GBR","UNITED KINGDOM"
"1041718328","1041718335","FR","FRA","FRANCE"
"1041718336","1041718351","GB","GBR","UNITED KINGDOM"
"1041718352","1041718407","FR","FRA","FRANCE"
"1041718408","1041718455","GB","GBR","UNITED KINGDOM"
"1041718456","1041718463","FR","FRA","FRANCE"
"1041718464","1041718479","GB","GBR","UNITED KINGDOM"
"1041718480","1041718495","FR","FRA","FRANCE"
"1041718496","1041718503","GB","GBR","UNITED KINGDOM"
"1041718504","1041718591","FR","FRA","FRANCE"
"1041718592","1041718607","GB","GBR","UNITED KINGDOM"
"1041718608","1041718623","FR","FRA","FRANCE"
"1041718624","1041718639","GB","GBR","UNITED KINGDOM"
"1041718640","1041718663","FR","FRA","FRANCE"
"1041718664","1041718671","GB","GBR","UNITED KINGDOM"
"1041718672","1041718687","FR","FRA","FRANCE"
"1041718688","1041718703","GB","GBR","UNITED KINGDOM"
"1041718704","1041718783","FR","FRA","FRANCE"
"1041718784","1041718799","GB","GBR","UNITED KINGDOM"
"1041718800","1041718815","FR","FRA","FRANCE"
"1041718816","1041718831","GB","GBR","UNITED KINGDOM"
"1041718832","1041718879","FR","FRA","FRANCE"
"1041718880","1041718911","GB","GBR","UNITED KINGDOM"
"1041718912","1041718935","FR","FRA","FRANCE"
"1041718936","1041718943","GB","GBR","UNITED KINGDOM"
"1041718944","1041718999","FR","FRA","FRANCE"
"1041719000","1041719007","GB","GBR","UNITED KINGDOM"
"1041719008","1041719203","FR","FRA","FRANCE"
"1041719204","1041719207","GB","GBR","UNITED KINGDOM"
"1041719208","1041719224","FR","FRA","FRANCE"
"1041719225","1041719227","GB","GBR","UNITED KINGDOM"
"1041719228","1041719228","FR","FRA","FRANCE"
"1041719229","1041719231","GB","GBR","UNITED KINGDOM"
"1041719232","1041719272","FR","FRA","FRANCE"
"1041719273","1041719279","GB","GBR","UNITED KINGDOM"
"1041719280","1041719391","FR","FRA","FRANCE"
"1041719392","1041719407","GB","GBR","UNITED KINGDOM"
"1041719408","1041719455","FR","FRA","FRANCE"
"1041719456","1041719487","GB","GBR","UNITED KINGDOM"
"1041719488","1041719551","FR","FRA","FRANCE"
"1041719552","1041719631","GB","GBR","UNITED KINGDOM"
"1041719632","1041719647","FR","FRA","FRANCE"
"1041719648","1041719663","GB","GBR","UNITED KINGDOM"
"1041719664","1041719679","FR","FRA","FRANCE"
"1041719680","1041719711","GB","GBR","UNITED KINGDOM"
"1041719712","1041719743","FR","FRA","FRANCE"
"1041719744","1041719759","GB","GBR","UNITED KINGDOM"
"1041719760","1041719775","FR","FRA","FRANCE"
"1041719776","1041719855","GB","GBR","UNITED KINGDOM"
"1041719856","1041719879","FR","FRA","FRANCE"
"1041719880","1041719903","GB","GBR","UNITED KINGDOM"
"1041719904","1041719919","FR","FRA","FRANCE"
"1041719920","1041719935","GB","GBR","UNITED KINGDOM"
"1041719936","1041719951","FR","FRA","FRANCE"
"1041719952","1041719967","GB","GBR","UNITED KINGDOM"
"1041719968","1041720015","FR","FRA","FRANCE"
"1041720016","1041720031","GB","GBR","UNITED KINGDOM"
"1041720032","1041720079","FR","FRA","FRANCE"
"1041720080","1041720087","GB","GBR","UNITED KINGDOM"
"1041720088","1041720351","FR","FRA","FRANCE"
"1041720352","1041720367","GB","GBR","UNITED KINGDOM"
"1041720368","1041720519","FR","FRA","FRANCE"
"1041720520","1041720527","GB","GBR","UNITED KINGDOM"
"1041720528","1041720535","FR","FRA","FRANCE"
"1041720536","1041720543","GB","GBR","UNITED KINGDOM"
"1041720544","1041720551","FR","FRA","FRANCE"
"1041720552","1041720559","GB","GBR","UNITED KINGDOM"
"1041720560","1041720567","FR","FRA","FRANCE"
"1041720568","1041720607","GB","GBR","UNITED KINGDOM"
"1041720608","1041720615","FR","FRA","FRANCE"
"1041720616","1041720639","GB","GBR","UNITED KINGDOM"
"1041720640","1041720687","FR","FRA","FRANCE"
"1041720688","1041720703","GB","GBR","UNITED KINGDOM"
"1041720704","1041720719","FR","FRA","FRANCE"
"1041720720","1041720735","GB","GBR","UNITED KINGDOM"
"1041720736","1041720751","FR","FRA","FRANCE"
"1041720752","1041720767","GB","GBR","UNITED KINGDOM"
"1041720768","1041720831","FR","FRA","FRANCE"
"1041720832","1041720847","GB","GBR","UNITED KINGDOM"
"1041720848","1041720895","FR","FRA","FRANCE"
"1041720896","1041720927","GB","GBR","UNITED KINGDOM"
"1041720928","1041720959","FR","FRA","FRANCE"
"1041720960","1041721087","GB","GBR","UNITED KINGDOM"
"1041721088","1041721727","FR","FRA","FRANCE"
"1041721728","1041721855","GB","GBR","UNITED KINGDOM"
"1041721856","1041722119","FR","FRA","FRANCE"
"1041722120","1041722127","GB","GBR","UNITED KINGDOM"
"1041722128","1041722135","FR","FRA","FRANCE"
"1041722136","1041722175","GB","GBR","UNITED KINGDOM"
"1041722176","1041722271","FR","FRA","FRANCE"
"1041722272","1041722279","GB","GBR","UNITED KINGDOM"
"1041722280","1041722303","FR","FRA","FRANCE"
"1041722304","1041722367","GB","GBR","UNITED KINGDOM"
"1041722368","1041722375","FR","FRA","FRANCE"
"1041722376","1041722383","GB","GBR","UNITED KINGDOM"
"1041722384","1041722391","FR","FRA","FRANCE"
"1041722392","1041722399","GB","GBR","UNITED KINGDOM"
"1041722400","1041722415","FR","FRA","FRANCE"
"1041722416","1041722431","GB","GBR","UNITED KINGDOM"
"1041722432","1041722495","FR","FRA","FRANCE"
"1041722496","1041722511","GB","GBR","UNITED KINGDOM"
"1041722512","1041722535","FR","FRA","FRANCE"
"1041722536","1041722551","GB","GBR","UNITED KINGDOM"
"1041722552","1041722567","FR","FRA","FRANCE"
"1041722568","1041722575","GB","GBR","UNITED KINGDOM"
"1041722576","1041722583","FR","FRA","FRANCE"
"1041722584","1041722623","GB","GBR","UNITED KINGDOM"
"1041722624","1041722879","FR","FRA","FRANCE"
"1041722880","1041722887","GB","GBR","UNITED KINGDOM"
"1041722888","1041722895","FR","FRA","FRANCE"
"1041722896","1041722903","GB","GBR","UNITED KINGDOM"
"1041722904","1041722911","FR","FRA","FRANCE"
"1041722912","1041722919","GB","GBR","UNITED KINGDOM"
"1041722920","1041722927","FR","FRA","FRANCE"
"1041722928","1041722935","GB","GBR","UNITED KINGDOM"
"1041722936","1041722943","FR","FRA","FRANCE"
"1041722944","1041722951","GB","GBR","UNITED KINGDOM"
"1041722952","1041722959","FR","FRA","FRANCE"
"1041722960","1041723007","GB","GBR","UNITED KINGDOM"
"1041723008","1041723031","FR","FRA","FRANCE"
"1041723032","1041723135","GB","GBR","UNITED KINGDOM"
"1041723136","1041723167","FR","FRA","FRANCE"
"1041723168","1041723175","GB","GBR","UNITED KINGDOM"
"1041723176","1041723191","FR","FRA","FRANCE"
"1041723192","1041723199","GB","GBR","UNITED KINGDOM"
"1041723200","1041723207","FR","FRA","FRANCE"
"1041723208","1041723215","GB","GBR","UNITED KINGDOM"
"1041723216","1041723295","FR","FRA","FRANCE"
"1041723296","1041723391","GB","GBR","UNITED KINGDOM"
"1041723392","1041723711","FR","FRA","FRANCE"
"1041723712","1041723727","GB","GBR","UNITED KINGDOM"
"1041723728","1041723743","FR","FRA","FRANCE"
"1041723744","1041723903","GB","GBR","UNITED KINGDOM"
"1041723904","1041724591","FR","FRA","FRANCE"
"1041724592","1041724607","GB","GBR","UNITED KINGDOM"
"1041724608","1041724631","FR","FRA","FRANCE"
"1041724632","1041724927","GB","GBR","UNITED KINGDOM"
"1041724928","1041724991","FR","FRA","FRANCE"
"1041724992","1041725023","GB","GBR","UNITED KINGDOM"
"1041725024","1041725031","FR","FRA","FRANCE"
"1041725032","1041725039","GB","GBR","UNITED KINGDOM"
"1041725040","1041725159","FR","FRA","FRANCE"
"1041725160","1041725167","GB","GBR","UNITED KINGDOM"
"1041725168","1041725183","FR","FRA","FRANCE"
"1041725184","1041725215","GB","GBR","UNITED KINGDOM"
"1041725216","1041725255","FR","FRA","FRANCE"
"1041725256","1041725271","GB","GBR","UNITED KINGDOM"
"1041725272","1041725983","FR","FRA","FRANCE"
"1041725984","1041725999","GB","GBR","UNITED KINGDOM"
"1041726000","1041726127","FR","FRA","FRANCE"
"1041726128","1041726151","GB","GBR","UNITED KINGDOM"
"1041726152","1041726159","FR","FRA","FRANCE"
"1041726160","1041726167","GB","GBR","UNITED KINGDOM"
"1041726168","1041726463","FR","FRA","FRANCE"
"1041726464","1041726471","GB","GBR","UNITED KINGDOM"
"1041726472","1041726479","FR","FRA","FRANCE"
"1041726480","1041726511","GB","GBR","UNITED KINGDOM"
"1041726512","1041726527","FR","FRA","FRANCE"
"1041726528","1041726543","GB","GBR","UNITED KINGDOM"
"1041726544","1041726559","FR","FRA","FRANCE"
"1041726560","1041726591","GB","GBR","UNITED KINGDOM"
"1041726592","1041726671","FR","FRA","FRANCE"
"1041726672","1041726687","GB","GBR","UNITED KINGDOM"
"1041726688","1041726895","FR","FRA","FRANCE"
"1041726896","1041726903","GB","GBR","UNITED KINGDOM"
"1041726904","1041727743","FR","FRA","FRANCE"
"1041727744","1041727999","GB","GBR","UNITED KINGDOM"
"1041728000","1041728063","FR","FRA","FRANCE"
"1041728064","1041728095","GB","GBR","UNITED KINGDOM"
"1041728096","1041728111","FR","FRA","FRANCE"
"1041728112","1041728127","GB","GBR","UNITED KINGDOM"
"1041728128","1041728255","FR","FRA","FRANCE"
"1041728256","1041728511","GB","GBR","UNITED KINGDOM"
"1041728512","1041728887","FR","FRA","FRANCE"
"1041728888","1041728895","GB","GBR","UNITED KINGDOM"
"1041728896","1041729279","FR","FRA","FRANCE"
"1041729280","1041729391","GB","GBR","UNITED KINGDOM"
"1041729392","1041729431","FR","FRA","FRANCE"
"1041729432","1041729463","GB","GBR","UNITED KINGDOM"
"1041729464","1041729519","FR","FRA","FRANCE"
"1041729520","1041729535","GB","GBR","UNITED KINGDOM"
"1041729536","1041729561","FR","FRA","FRANCE"
"1041729562","1041729564","GB","GBR","UNITED KINGDOM"
"1041729565","1041729566","FR","FRA","FRANCE"
"1041729567","1041729567","GB","GBR","UNITED KINGDOM"
"1041729568","1041729663","FR","FRA","FRANCE"
"1041729664","1041729791","GB","GBR","UNITED KINGDOM"
"1041729792","1041730087","FR","FRA","FRANCE"
"1041730088","1041730095","GB","GBR","UNITED KINGDOM"
"1041730096","1041730175","FR","FRA","FRANCE"
"1041730176","1041730183","GB","GBR","UNITED KINGDOM"
"1041730184","1041730239","FR","FRA","FRANCE"
"1041730240","1041730247","GB","GBR","UNITED KINGDOM"
"1041730248","1041730603","FR","FRA","FRANCE"
"1041730604","1041730607","GB","GBR","UNITED KINGDOM"
"1041730608","1041731967","FR","FRA","FRANCE"
"1041731968","1041732031","GB","GBR","UNITED KINGDOM"
"1041732032","1041732055","FR","FRA","FRANCE"
"1041732056","1041732063","GB","GBR","UNITED KINGDOM"
"1041732064","1041732095","FR","FRA","FRANCE"
"1041732096","1041732103","GB","GBR","UNITED KINGDOM"
"1041732104","1041732119","FR","FRA","FRANCE"
"1041732120","1041732143","GB","GBR","UNITED KINGDOM"
"1041732144","1041732159","FR","FRA","FRANCE"
"1041732160","1041732191","GB","GBR","UNITED KINGDOM"
"1041732192","1041732255","FR","FRA","FRANCE"
"1041732256","1041732295","GB","GBR","UNITED KINGDOM"
"1041732296","1041732351","FR","FRA","FRANCE"
"1041732352","1041732359","GB","GBR","UNITED KINGDOM"
"1041732360","1041732479","FR","FRA","FRANCE"
"1041732480","1041732511","GB","GBR","UNITED KINGDOM"
"1041732512","1041732863","FR","FRA","FRANCE"
"1041732864","1041732871","GB","GBR","UNITED KINGDOM"
"1041732872","1041732879","FR","FRA","FRANCE"
"1041732880","1041732927","GB","GBR","UNITED KINGDOM"
"1041732928","1041732959","FR","FRA","FRANCE"
"1041732960","1041732967","GB","GBR","UNITED KINGDOM"
"1041732968","1041732991","FR","FRA","FRANCE"
"1041732992","1041733111","GB","GBR","UNITED KINGDOM"
"1041733112","1041733375","FR","FRA","FRANCE"
"1041733376","1041733503","GB","GBR","UNITED KINGDOM"
"1041733504","1041733887","FR","FRA","FRANCE"
"1041733888","1041734143","GB","GBR","UNITED KINGDOM"
"1041734144","1041734911","FR","FRA","FRANCE"
"1041734912","1041735007","GB","GBR","UNITED KINGDOM"
"1041735008","1041735055","FR","FRA","FRANCE"
"1041735056","1041735087","GB","GBR","UNITED KINGDOM"
"1041735088","1041735119","FR","FRA","FRANCE"
"1041735120","1041735135","GB","GBR","UNITED KINGDOM"
"1041735136","1041735423","FR","FRA","FRANCE"
"1041735424","1041735487","GB","GBR","UNITED KINGDOM"
"1041735488","1041735495","FR","FRA","FRANCE"
"1041735496","1041735503","GB","GBR","UNITED KINGDOM"
"1041735504","1041735511","FR","FRA","FRANCE"
"1041735512","1041735559","GB","GBR","UNITED KINGDOM"
"1041735560","1041735567","FR","FRA","FRANCE"
"1041735568","1041735575","GB","GBR","UNITED KINGDOM"
"1041735576","1041735615","FR","FRA","FRANCE"
"1041735616","1041735679","GB","GBR","UNITED KINGDOM"
"1041735680","1041736191","FR","FRA","FRANCE"
"1041736192","1041736199","GB","GBR","UNITED KINGDOM"
"1041736200","1041736255","FR","FRA","FRANCE"
"1041736256","1041736263","GB","GBR","UNITED KINGDOM"
"1041736264","1041736367","FR","FRA","FRANCE"
"1041736368","1041736391","GB","GBR","UNITED KINGDOM"
"1041736392","1041736423","FR","FRA","FRANCE"
"1041736424","1041736431","GB","GBR","UNITED KINGDOM"
"1041736432","1041736439","FR","FRA","FRANCE"
"1041736440","1041736463","GB","GBR","UNITED KINGDOM"
"1041736464","1041736503","FR","FRA","FRANCE"
"1041736504","1041736511","GB","GBR","UNITED KINGDOM"
"1041736512","1041736527","FR","FRA","FRANCE"
"1041736528","1041736535","GB","GBR","UNITED KINGDOM"
"1041736536","1041736543","FR","FRA","FRANCE"
"1041736544","1041736551","GB","GBR","UNITED KINGDOM"
"1041736552","1041736567","FR","FRA","FRANCE"
"1041736568","1041736599","GB","GBR","UNITED KINGDOM"
"1041736600","1041736607","FR","FRA","FRANCE"
"1041736608","1041736631","GB","GBR","UNITED KINGDOM"
"1041736632","1041736671","FR","FRA","FRANCE"
"1041736672","1041736703","GB","GBR","UNITED KINGDOM"
"1041736704","1041737023","FR","FRA","FRANCE"
"1041737024","1041737031","GB","GBR","UNITED KINGDOM"
"1041737032","1041737039","FR","FRA","FRANCE"
"1041737040","1041737047","GB","GBR","UNITED KINGDOM"
"1041737048","1041737063","FR","FRA","FRANCE"
"1041737064","1041737119","GB","GBR","UNITED KINGDOM"
"1041737120","1041737127","FR","FRA","FRANCE"
"1041737128","1041737135","GB","GBR","UNITED KINGDOM"
"1041737136","1041737143","FR","FRA","FRANCE"
"1041737144","1041737151","GB","GBR","UNITED KINGDOM"
"1041737152","1041737247","FR","FRA","FRANCE"
"1041737248","1041737279","GB","GBR","UNITED KINGDOM"
"1041737280","1041737295","FR","FRA","FRANCE"
"1041737296","1041737303","GB","GBR","UNITED KINGDOM"
"1041737304","1041737399","FR","FRA","FRANCE"
"1041737400","1041737423","GB","GBR","UNITED KINGDOM"
"1041737424","1041737455","FR","FRA","FRANCE"
"1041737456","1041737471","GB","GBR","UNITED KINGDOM"
"1041737472","1041737503","FR","FRA","FRANCE"
"1041737504","1041737535","GB","GBR","UNITED KINGDOM"
"1041737536","1041737583","FR","FRA","FRANCE"
"1041737584","1041737599","GB","GBR","UNITED KINGDOM"
"1041737600","1041737607","FR","FRA","FRANCE"
"1041737608","1041737615","GB","GBR","UNITED KINGDOM"
"1041737616","1041737623","FR","FRA","FRANCE"
"1041737624","1041737631","GB","GBR","UNITED KINGDOM"
"1041737632","1041737647","FR","FRA","FRANCE"
"1041737648","1041737663","GB","GBR","UNITED KINGDOM"
"1041737664","1041737671","FR","FRA","FRANCE"
"1041737672","1041737679","GB","GBR","UNITED KINGDOM"
"1041737680","1041737727","FR","FRA","FRANCE"
"1041737728","1041737759","GB","GBR","UNITED KINGDOM"
"1041737760","1041737775","FR","FRA","FRANCE"
"1041737776","1041737807","GB","GBR","UNITED KINGDOM"
"1041737808","1041737815","FR","FRA","FRANCE"
"1041737816","1041737839","GB","GBR","UNITED KINGDOM"
"1041737840","1041737855","FR","FRA","FRANCE"
"1041737856","1041737863","GB","GBR","UNITED KINGDOM"
"1041737864","1041737871","FR","FRA","FRANCE"
"1041737872","1041737879","GB","GBR","UNITED KINGDOM"
"1041737880","1041737911","FR","FRA","FRANCE"
"1041737912","1041737935","GB","GBR","UNITED KINGDOM"
"1041737936","1041738503","FR","FRA","FRANCE"
"1041738504","1041738511","GB","GBR","UNITED KINGDOM"
"1041738512","1041738519","FR","FRA","FRANCE"
"1041738520","1041738559","GB","GBR","UNITED KINGDOM"
"1041738560","1041738567","FR","FRA","FRANCE"
"1041738568","1041738575","GB","GBR","UNITED KINGDOM"
"1041738576","1041738583","FR","FRA","FRANCE"
"1041738584","1041738591","GB","GBR","UNITED KINGDOM"
"1041738592","1041738599","FR","FRA","FRANCE"
"1041738600","1041738607","GB","GBR","UNITED KINGDOM"
"1041738608","1041738703","FR","FRA","FRANCE"
"1041738704","1041738711","GB","GBR","UNITED KINGDOM"
"1041738712","1041738719","FR","FRA","FRANCE"
"1041738720","1041738743","GB","GBR","UNITED KINGDOM"
"1041738744","1041739031","FR","FRA","FRANCE"
"1041739032","1041739047","GB","GBR","UNITED KINGDOM"
"1041739048","1041739055","FR","FRA","FRANCE"
"1041739056","1041739063","GB","GBR","UNITED KINGDOM"
"1041739064","1041739071","FR","FRA","FRANCE"
"1041739072","1041739095","GB","GBR","UNITED KINGDOM"
"1041739096","1041739119","FR","FRA","FRANCE"
"1041739120","1041739143","GB","GBR","UNITED KINGDOM"
"1041739144","1041739151","FR","FRA","FRANCE"
"1041739152","1041739175","GB","GBR","UNITED KINGDOM"
"1041739176","1041739183","FR","FRA","FRANCE"
"1041739184","1041739207","GB","GBR","UNITED KINGDOM"
"1041739208","1041739215","FR","FRA","FRANCE"
"1041739216","1041739239","GB","GBR","UNITED KINGDOM"
"1041739240","1041739287","FR","FRA","FRANCE"
"1041739288","1041739303","GB","GBR","UNITED KINGDOM"
"1041739304","1041739391","FR","FRA","FRANCE"
"1041739392","1041739423","GB","GBR","UNITED KINGDOM"
"1041739424","1041739463","FR","FRA","FRANCE"
"1041739464","1041739471","GB","GBR","UNITED KINGDOM"
"1041739472","1041739487","FR","FRA","FRANCE"
"1041739488","1041739503","GB","GBR","UNITED KINGDOM"
"1041739504","1041739519","FR","FRA","FRANCE"
"1041739520","1041739535","GB","GBR","UNITED KINGDOM"
"1041739536","1041739743","FR","FRA","FRANCE"
"1041739744","1041739751","GB","GBR","UNITED KINGDOM"
"1041739752","1041740031","FR","FRA","FRANCE"
"1041740032","1041740039","GB","GBR","UNITED KINGDOM"
"1041740040","1041740647","FR","FRA","FRANCE"
"1041740648","1041740655","GB","GBR","UNITED KINGDOM"
"1041740656","1041740687","FR","FRA","FRANCE"
"1041740688","1041740703","GB","GBR","UNITED KINGDOM"
"1041740704","1041740711","FR","FRA","FRANCE"
"1041740712","1041740719","GB","GBR","UNITED KINGDOM"
"1041740720","1041740727","FR","FRA","FRANCE"
"1041740728","1041740735","GB","GBR","UNITED KINGDOM"
"1041740736","1041740759","FR","FRA","FRANCE"
"1041740760","1041740767","GB","GBR","UNITED KINGDOM"
"1041740768","1041740839","FR","FRA","FRANCE"
"1041740840","1041740847","GB","GBR","UNITED KINGDOM"
"1041740848","1041740991","FR","FRA","FRANCE"
"1041740992","1041741103","GB","GBR","UNITED KINGDOM"
"1041741104","1041741135","FR","FRA","FRANCE"
"1041741136","1041741143","GB","GBR","UNITED KINGDOM"
"1041741144","1041741231","FR","FRA","FRANCE"
"1041741232","1041741247","GB","GBR","UNITED KINGDOM"
"1041741248","1041741255","FR","FRA","FRANCE"
"1041741256","1041741311","GB","GBR","UNITED KINGDOM"
"1041741312","1041741607","FR","FRA","FRANCE"
"1041741608","1041741615","GB","GBR","UNITED KINGDOM"
"1041741616","1041741631","FR","FRA","FRANCE"
"1041741632","1041741647","GB","GBR","UNITED KINGDOM"
"1041741648","1041741671","FR","FRA","FRANCE"
"1041741672","1041741679","GB","GBR","UNITED KINGDOM"
"1041741680","1041741695","FR","FRA","FRANCE"
"1041741696","1041741823","GB","GBR","UNITED KINGDOM"
"1041741824","1041742303","FR","FRA","FRANCE"
"1041742304","1041742343","GB","GBR","UNITED KINGDOM"
"1041742344","1041742359","FR","FRA","FRANCE"
"1041742360","1041742367","GB","GBR","UNITED KINGDOM"
"1041742368","1041742375","FR","FRA","FRANCE"
"1041742376","1041742423","GB","GBR","UNITED KINGDOM"
"1041742424","1041742471","FR","FRA","FRANCE"
"1041742472","1041742479","GB","GBR","UNITED KINGDOM"
"1041742480","1041742511","FR","FRA","FRANCE"
"1041742512","1041742591","GB","GBR","UNITED KINGDOM"
"1041742592","1041743111","FR","FRA","FRANCE"
"10